

================================================================
== Vitis HLS Report for 'myproject'
================================================================
* Date:           Wed Sep 30 18:27:58 2026

* Version:        2026.1 (Build 6493734 on Jun 16 2026)
* Project:        myproject_prj
* Solution:       solution1
* Product family: zynquplus
* Target device:  xczu3eg-sbva484-1-e


================================================================
== Performance Estimates
================================================================
+ Timing: 
    * Summary: 
    +--------+----------+----------+------------+
    |  Clock |  Target  | Estimated| Uncertainty|
    +--------+----------+----------+------------+
    |ap_clk  |  10.00 ns|  7.275 ns|     2.70 ns|
    +--------+----------+----------+------------+

+ Latency: 
    * Summary: 
    +---------+---------+----------+----------+-----+-----+----------+
    |  Latency (cycles) |  Latency (absolute) |  Interval | Pipeline |
    |   min   |   max   |    min   |    max   | min | max |   Type   |
    +---------+---------+----------+----------+-----+-----+----------+
    |      892|      895|  8.920 us|  8.950 us|  784|  784|  dataflow|
    +---------+---------+----------+----------+-----+-----+----------+

    + Detail: 
        * Instance: 
        +----------------------------------------------------------------------+---------------------------------------------------------------------+---------+---------+-----------+-----------+-----+-----+------------------------------------+
        |                                                                      |                                                                     |  Latency (cycles) |   Latency (absolute)  |  Interval |              Pipeline              |
        |                               Instance                               |                                Module                               |   min   |   max   |    min    |    max    | min | max |                Type                |
        +----------------------------------------------------------------------+---------------------------------------------------------------------+---------+---------+-----------+-----------+-----+-----+------------------------------------+
        |normalize_ap_fixed_16_6_5_3_0_ap_fixed_8_8_4_0_0_config46_U0          |normalize_ap_fixed_16_6_5_3_0_ap_fixed_8_8_4_0_0_config46_s          |        0|        0|       0 ns|       0 ns|    1|    1|                                 yes|
        |dense_resource_rf_leq_nin_ap_fixed_ap_fixed_37_27_5_3_0_config63_U0   |dense_resource_rf_leq_nin_ap_fixed_ap_fixed_37_27_5_3_0_config63_s   |      784|      785|   7.840 us|   7.850 us|  784|  784|  loop rewind stp (delay=0 cycle(s))|
        |normalize_ap_fixed_37_27_5_3_0_ap_fixed_70_44_5_3_0_config60_U0       |normalize_ap_fixed_37_27_5_3_0_ap_fixed_70_44_5_3_0_config60_s       |        0|        0|       0 ns|       0 ns|    1|    1|                                 yes|
        |relu_ap_fixed_70_44_5_3_0_ap_fixed_16_6_5_3_0_ReLU_config34_U0        |relu_ap_fixed_70_44_5_3_0_ap_fixed_16_6_5_3_0_ReLU_config34_s        |        0|        0|       0 ns|       0 ns|    1|    1|                                 yes|
        |normalize_ap_fixed_16_6_5_3_0_ap_ufixed_8_8_4_0_0_config49_U0         |normalize_ap_fixed_16_6_5_3_0_ap_ufixed_8_8_4_0_0_config49_s         |        1|        1|  10.000 ns|  10.000 ns|    1|    1|                                 yes|
        |dense_resource_rf_leq_nin_ap_ufixed_ap_fixed_33_23_5_3_0_config64_U0  |dense_resource_rf_leq_nin_ap_ufixed_ap_fixed_33_23_5_3_0_config64_s  |       64|       65|   0.640 us|   0.650 us|   64|   64|  loop rewind stp (delay=0 cycle(s))|
        |normalize_ap_fixed_33_23_5_3_0_ap_fixed_66_40_5_3_0_config61_U0       |normalize_ap_fixed_33_23_5_3_0_ap_fixed_66_40_5_3_0_config61_s       |        0|        0|       0 ns|       0 ns|    1|    1|                                 yes|
        |relu_ap_fixed_66_40_5_3_0_ap_fixed_16_6_5_3_0_ReLU_config38_U0        |relu_ap_fixed_66_40_5_3_0_ap_fixed_16_6_5_3_0_ReLU_config38_s        |        0|        0|       0 ns|       0 ns|    1|    1|                                 yes|
        |normalize_ap_fixed_16_6_5_3_0_ap_ufixed_8_8_4_0_0_config52_U0         |normalize_ap_fixed_16_6_5_3_0_ap_ufixed_8_8_4_0_0_config52_s         |        1|        1|  10.000 ns|  10.000 ns|    1|    1|                                 yes|
        |dense_resource_rf_leq_nin_ap_ufixed_ap_fixed_32_22_5_3_0_config65_U0  |dense_resource_rf_leq_nin_ap_ufixed_ap_fixed_32_22_5_3_0_config65_s  |       32|       33|   0.320 us|   0.330 us|   32|   32|  loop rewind stp (delay=0 cycle(s))|
        |normalize_ap_fixed_32_22_5_3_0_ap_fixed_65_39_5_3_0_config62_U0       |normalize_ap_fixed_32_22_5_3_0_ap_fixed_65_39_5_3_0_config62_s       |        0|        0|       0 ns|       0 ns|    1|    1|                                 yes|
        +----------------------------------------------------------------------+---------------------------------------------------------------------+---------+---------+-----------+-----------+-----+-----+------------------------------------+

        * Loop: 
        N/A



================================================================
== Utilization Estimates
================================================================
* Summary: 
+-----------------+---------+-----+--------+--------+-----+
|       Name      | BRAM_18K| DSP |   FF   |   LUT  | URAM|
+-----------------+---------+-----+--------+--------+-----+
|DSP              |        -|    -|       -|       -|    -|
|Expression       |        -|    -|       0|      42|    -|
|FIFO             |        -|    -|  116622|   78926|    -|
|Instance         |       40|  880|   35279|  195667|    -|
|Memory           |        -|    -|       -|       -|    -|
|Multiplexer      |        -|    -|       0|      90|    -|
|Register         |        -|    -|      10|       -|    -|
+-----------------+---------+-----+--------+--------+-----+
|Total            |       40|  880|  151911|  274725|    0|
+-----------------+---------+-----+--------+--------+-----+
|Available        |      432|  360|  141120|   70560|    0|
+-----------------+---------+-----+--------+--------+-----+
|Utilization (%)  |        9|  244|     107|     389|    0|
+-----------------+---------+-----+--------+--------+-----+

+ Detail: 
    * Instance: 
    +----------------------------------------------------------------------+---------------------------------------------------------------------+---------+-----+-------+--------+-----+
    |                               Instance                               |                                Module                               | BRAM_18K| DSP |   FF  |   LUT  | URAM|
    +----------------------------------------------------------------------+---------------------------------------------------------------------+---------+-----+-------+--------+-----+
    |dense_resource_rf_leq_nin_ap_fixed_ap_fixed_37_27_5_3_0_config63_U0   |dense_resource_rf_leq_nin_ap_fixed_ap_fixed_37_27_5_3_0_config63_s   |       29|    0|  17049|   23315|    0|
    |dense_resource_rf_leq_nin_ap_ufixed_ap_fixed_32_22_5_3_0_config65_U0  |dense_resource_rf_leq_nin_ap_ufixed_ap_fixed_32_22_5_3_0_config65_s  |        3|    0|   1148|    1785|    0|
    |dense_resource_rf_leq_nin_ap_ufixed_ap_fixed_33_23_5_3_0_config64_U0  |dense_resource_rf_leq_nin_ap_ufixed_ap_fixed_33_23_5_3_0_config64_s  |        8|    0|   3090|    4632|    0|
    |normalize_ap_fixed_16_6_5_3_0_ap_fixed_8_8_4_0_0_config46_U0          |normalize_ap_fixed_16_6_5_3_0_ap_fixed_8_8_4_0_0_config46_s          |        0|  784|   6274|  137220|    0|
    |normalize_ap_fixed_16_6_5_3_0_ap_ufixed_8_8_4_0_0_config49_U0         |normalize_ap_fixed_16_6_5_3_0_ap_ufixed_8_8_4_0_0_config49_s         |        0|   64|   1347|    8911|    0|
    |normalize_ap_fixed_16_6_5_3_0_ap_ufixed_8_8_4_0_0_config52_U0         |normalize_ap_fixed_16_6_5_3_0_ap_ufixed_8_8_4_0_0_config52_s         |        0|   32|    675|    4463|    0|
    |normalize_ap_fixed_32_22_5_3_0_ap_fixed_65_39_5_3_0_config62_U0       |normalize_ap_fixed_32_22_5_3_0_ap_fixed_65_39_5_3_0_config62_s       |        0|    0|    632|     801|    0|
    |normalize_ap_fixed_33_23_5_3_0_ap_fixed_66_40_5_3_0_config61_U0       |normalize_ap_fixed_33_23_5_3_0_ap_fixed_66_40_5_3_0_config61_s       |        0|    0|   1154|    2603|    0|
    |normalize_ap_fixed_37_27_5_3_0_ap_fixed_70_44_5_3_0_config60_U0       |normalize_ap_fixed_37_27_5_3_0_ap_fixed_70_44_5_3_0_config60_s       |        0|    0|   2370|    5323|    0|
    |relu_ap_fixed_66_40_5_3_0_ap_fixed_16_6_5_3_0_ReLU_config38_U0        |relu_ap_fixed_66_40_5_3_0_ap_fixed_16_6_5_3_0_ReLU_config38_s        |        0|    0|    514|    2187|    0|
    |relu_ap_fixed_70_44_5_3_0_ap_fixed_16_6_5_3_0_ReLU_config34_U0        |relu_ap_fixed_70_44_5_3_0_ap_fixed_16_6_5_3_0_ReLU_config34_s        |        0|    0|   1026|    4427|    0|
    +----------------------------------------------------------------------+---------------------------------------------------------------------+---------+-----+-------+--------+-----+
    |Total                                                                 |                                                                     |       40|  880|  35279|  195667|    0|
    +----------------------------------------------------------------------+---------------------------------------------------------------------+---------+-----+-------+--------+-----+

    * DSP: 
    N/A

    * Memory: 
    N/A

    * FIFO: 
    +-------------------+---------+------+-----+-----+------+-----+---------+
    |        Name       | BRAM_18K|  FF  | LUT | URAM| Depth| Bits| Size:D*B|
    +-------------------+---------+------+-----+-----+------+-----+---------+
    |layer34_out_10_U   |        0|    99|   67|    0|     2|   16|       32|
    |layer34_out_11_U   |        0|    99|   67|    0|     2|   16|       32|
    |layer34_out_12_U   |        0|    99|   67|    0|     2|   16|       32|
    |layer34_out_13_U   |        0|    99|   67|    0|     2|   16|       32|
    |layer34_out_14_U   |        0|    99|   67|    0|     2|   16|       32|
    |layer34_out_15_U   |        0|    99|   67|    0|     2|   16|       32|
    |layer34_out_16_U   |        0|    99|   67|    0|     2|   16|       32|
    |layer34_out_17_U   |        0|    99|   67|    0|     2|   16|       32|
    |layer34_out_18_U   |        0|    99|   67|    0|     2|   16|       32|
    |layer34_out_19_U   |        0|    99|   67|    0|     2|   16|       32|
    |layer34_out_1_U    |        0|    99|   67|    0|     2|   16|       32|
    |layer34_out_20_U   |        0|    99|   67|    0|     2|   16|       32|
    |layer34_out_21_U   |        0|    99|   67|    0|     2|   16|       32|
    |layer34_out_22_U   |        0|    99|   67|    0|     2|   16|       32|
    |layer34_out_23_U   |        0|    99|   67|    0|     2|   16|       32|
    |layer34_out_24_U   |        0|    99|   67|    0|     2|   16|       32|
    |layer34_out_25_U   |        0|    99|   67|    0|     2|   16|       32|
    |layer34_out_26_U   |        0|    99|   67|    0|     2|   16|       32|
    |layer34_out_27_U   |        0|    99|   67|    0|     2|   16|       32|
    |layer34_out_28_U   |        0|    99|   67|    0|     2|   16|       32|
    |layer34_out_29_U   |        0|    99|   67|    0|     2|   16|       32|
    |layer34_out_2_U    |        0|    99|   67|    0|     2|   16|       32|
    |layer34_out_30_U   |        0|    99|   67|    0|     2|   16|       32|
    |layer34_out_31_U   |        0|    99|   67|    0|     2|   16|       32|
    |layer34_out_32_U   |        0|    99|   67|    0|     2|   16|       32|
    |layer34_out_33_U   |        0|    99|   67|    0|     2|   16|       32|
    |layer34_out_34_U   |        0|    99|   67|    0|     2|   16|       32|
    |layer34_out_35_U   |        0|    99|   67|    0|     2|   16|       32|
    |layer34_out_36_U   |        0|    99|   67|    0|     2|   16|       32|
    |layer34_out_37_U   |        0|    99|   67|    0|     2|   16|       32|
    |layer34_out_38_U   |        0|    99|   67|    0|     2|   16|       32|
    |layer34_out_39_U   |        0|    99|   67|    0|     2|   16|       32|
    |layer34_out_3_U    |        0|    99|   67|    0|     2|   16|       32|
    |layer34_out_40_U   |        0|    99|   67|    0|     2|   16|       32|
    |layer34_out_41_U   |        0|    99|   67|    0|     2|   16|       32|
    |layer34_out_42_U   |        0|    99|   67|    0|     2|   16|       32|
    |layer34_out_43_U   |        0|    99|   67|    0|     2|   16|       32|
    |layer34_out_44_U   |        0|    99|   67|    0|     2|   16|       32|
    |layer34_out_45_U   |        0|    99|   67|    0|     2|   16|       32|
    |layer34_out_46_U   |        0|    99|   67|    0|     2|   16|       32|
    |layer34_out_47_U   |        0|    99|   67|    0|     2|   16|       32|
    |layer34_out_48_U   |        0|    99|   67|    0|     2|   16|       32|
    |layer34_out_49_U   |        0|    99|   67|    0|     2|   16|       32|
    |layer34_out_4_U    |        0|    99|   67|    0|     2|   16|       32|
    |layer34_out_50_U   |        0|    99|   67|    0|     2|   16|       32|
    |layer34_out_51_U   |        0|    99|   67|    0|     2|   16|       32|
    |layer34_out_52_U   |        0|    99|   67|    0|     2|   16|       32|
    |layer34_out_53_U   |        0|    99|   67|    0|     2|   16|       32|
    |layer34_out_54_U   |        0|    99|   67|    0|     2|   16|       32|
    |layer34_out_55_U   |        0|    99|   67|    0|     2|   16|       32|
    |layer34_out_56_U   |        0|    99|   67|    0|     2|   16|       32|
    |layer34_out_57_U   |        0|    99|   67|    0|     2|   16|       32|
    |layer34_out_58_U   |        0|    99|   67|    0|     2|   16|       32|
    |layer34_out_59_U   |        0|    99|   67|    0|     2|   16|       32|
    |layer34_out_5_U    |        0|    99|   67|    0|     2|   16|       32|
    |layer34_out_60_U   |        0|    99|   67|    0|     2|   16|       32|
    |layer34_out_61_U   |        0|    99|   67|    0|     2|   16|       32|
    |layer34_out_62_U   |        0|    99|   67|    0|     2|   16|       32|
    |layer34_out_63_U   |        0|    99|   67|    0|     2|   16|       32|
    |layer34_out_6_U    |        0|    99|   67|    0|     2|   16|       32|
    |layer34_out_7_U    |        0|    99|   67|    0|     2|   16|       32|
    |layer34_out_8_U    |        0|    99|   67|    0|     2|   16|       32|
    |layer34_out_9_U    |        0|    99|   67|    0|     2|   16|       32|
    |layer34_out_U      |        0|    99|   67|    0|     2|   16|       32|
    |layer38_out_10_U   |        0|    99|   67|    0|     2|   16|       32|
    |layer38_out_11_U   |        0|    99|   67|    0|     2|   16|       32|
    |layer38_out_12_U   |        0|    99|   67|    0|     2|   16|       32|
    |layer38_out_13_U   |        0|    99|   67|    0|     2|   16|       32|
    |layer38_out_14_U   |        0|    99|   67|    0|     2|   16|       32|
    |layer38_out_15_U   |        0|    99|   67|    0|     2|   16|       32|
    |layer38_out_16_U   |        0|    99|   67|    0|     2|   16|       32|
    |layer38_out_17_U   |        0|    99|   67|    0|     2|   16|       32|
    |layer38_out_18_U   |        0|    99|   67|    0|     2|   16|       32|
    |layer38_out_19_U   |        0|    99|   67|    0|     2|   16|       32|
    |layer38_out_1_U    |        0|    99|   67|    0|     2|   16|       32|
    |layer38_out_20_U   |        0|    99|   67|    0|     2|   16|       32|
    |layer38_out_21_U   |        0|    99|   67|    0|     2|   16|       32|
    |layer38_out_22_U   |        0|    99|   67|    0|     2|   16|       32|
    |layer38_out_23_U   |        0|    99|   67|    0|     2|   16|       32|
    |layer38_out_24_U   |        0|    99|   67|    0|     2|   16|       32|
    |layer38_out_25_U   |        0|    99|   67|    0|     2|   16|       32|
    |layer38_out_26_U   |        0|    99|   67|    0|     2|   16|       32|
    |layer38_out_27_U   |        0|    99|   67|    0|     2|   16|       32|
    |layer38_out_28_U   |        0|    99|   67|    0|     2|   16|       32|
    |layer38_out_29_U   |        0|    99|   67|    0|     2|   16|       32|
    |layer38_out_2_U    |        0|    99|   67|    0|     2|   16|       32|
    |layer38_out_30_U   |        0|    99|   67|    0|     2|   16|       32|
    |layer38_out_31_U   |        0|    99|   67|    0|     2|   16|       32|
    |layer38_out_3_U    |        0|    99|   67|    0|     2|   16|       32|
    |layer38_out_4_U    |        0|    99|   67|    0|     2|   16|       32|
    |layer38_out_5_U    |        0|    99|   67|    0|     2|   16|       32|
    |layer38_out_6_U    |        0|    99|   67|    0|     2|   16|       32|
    |layer38_out_7_U    |        0|    99|   67|    0|     2|   16|       32|
    |layer38_out_8_U    |        0|    99|   67|    0|     2|   16|       32|
    |layer38_out_9_U    |        0|    99|   67|    0|     2|   16|       32|
    |layer38_out_U      |        0|    99|   67|    0|     2|   16|       32|
    |layer46_out_100_U  |        0|    99|   67|    0|     2|    8|       16|
    |layer46_out_101_U  |        0|    99|   67|    0|     2|    8|       16|
    |layer46_out_102_U  |        0|    99|   67|    0|     2|    8|       16|
    |layer46_out_103_U  |        0|    99|   67|    0|     2|    8|       16|
    |layer46_out_104_U  |        0|    99|   67|    0|     2|    8|       16|
    |layer46_out_105_U  |        0|    99|   67|    0|     2|    8|       16|
    |layer46_out_106_U  |        0|    99|   67|    0|     2|    8|       16|
    |layer46_out_107_U  |        0|    99|   67|    0|     2|    8|       16|
    |layer46_out_108_U  |        0|    99|   67|    0|     2|    8|       16|
    |layer46_out_109_U  |        0|    99|   67|    0|     2|    8|       16|
    |layer46_out_10_U   |        0|    99|   67|    0|     2|    8|       16|
    |layer46_out_110_U  |        0|    99|   67|    0|     2|    8|       16|
    |layer46_out_111_U  |        0|    99|   67|    0|     2|    8|       16|
    |layer46_out_112_U  |        0|    99|   67|    0|     2|    8|       16|
    |layer46_out_113_U  |        0|    99|   67|    0|     2|    8|       16|
    |layer46_out_114_U  |        0|    99|   67|    0|     2|    8|       16|
    |layer46_out_115_U  |        0|    99|   67|    0|     2|    8|       16|
    |layer46_out_116_U  |        0|    99|   67|    0|     2|    8|       16|
    |layer46_out_117_U  |        0|    99|   67|    0|     2|    8|       16|
    |layer46_out_118_U  |        0|    99|   67|    0|     2|    8|       16|
    |layer46_out_119_U  |        0|    99|   67|    0|     2|    8|       16|
    |layer46_out_11_U   |        0|    99|   67|    0|     2|    8|       16|
    |layer46_out_120_U  |        0|    99|   67|    0|     2|    8|       16|
    |layer46_out_121_U  |        0|    99|   67|    0|     2|    8|       16|
    |layer46_out_122_U  |        0|    99|   67|    0|     2|    8|       16|
    |layer46_out_123_U  |        0|    99|   67|    0|     2|    8|       16|
    |layer46_out_124_U  |        0|    99|   67|    0|     2|    8|       16|
    |layer46_out_125_U  |        0|    99|   67|    0|     2|    8|       16|
    |layer46_out_126_U  |        0|    99|   67|    0|     2|    8|       16|
    |layer46_out_127_U  |        0|    99|   67|    0|     2|    8|       16|
    |layer46_out_128_U  |        0|    99|   67|    0|     2|    8|       16|
    |layer46_out_129_U  |        0|    99|   67|    0|     2|    8|       16|
    |layer46_out_12_U   |        0|    99|   67|    0|     2|    8|       16|
    |layer46_out_130_U  |        0|    99|   67|    0|     2|    8|       16|
    |layer46_out_131_U  |        0|    99|   67|    0|     2|    8|       16|
    |layer46_out_132_U  |        0|    99|   67|    0|     2|    8|       16|
    |layer46_out_133_U  |        0|    99|   67|    0|     2|    8|       16|
    |layer46_out_134_U  |        0|    99|   67|    0|     2|    8|       16|
    |layer46_out_135_U  |        0|    99|   67|    0|     2|    8|       16|
    |layer46_out_136_U  |        0|    99|   67|    0|     2|    8|       16|
    |layer46_out_137_U  |        0|    99|   67|    0|     2|    8|       16|
    |layer46_out_138_U  |        0|    99|   67|    0|     2|    8|       16|
    |layer46_out_139_U  |        0|    99|   67|    0|     2|    8|       16|
    |layer46_out_13_U   |        0|    99|   67|    0|     2|    8|       16|
    |layer46_out_140_U  |        0|    99|   67|    0|     2|    8|       16|
    |layer46_out_141_U  |        0|    99|   67|    0|     2|    8|       16|
    |layer46_out_142_U  |        0|    99|   67|    0|     2|    8|       16|
    |layer46_out_143_U  |        0|    99|   67|    0|     2|    8|       16|
    |layer46_out_144_U  |        0|    99|   67|    0|     2|    8|       16|
    |layer46_out_145_U  |        0|    99|   67|    0|     2|    8|       16|
    |layer46_out_146_U  |        0|    99|   67|    0|     2|    8|       16|
    |layer46_out_147_U  |        0|    99|   67|    0|     2|    8|       16|
    |layer46_out_148_U  |        0|    99|   67|    0|     2|    8|       16|
    |layer46_out_149_U  |        0|    99|   67|    0|     2|    8|       16|
    |layer46_out_14_U   |        0|    99|   67|    0|     2|    8|       16|
    |layer46_out_150_U  |        0|    99|   67|    0|     2|    8|       16|
    |layer46_out_151_U  |        0|    99|   67|    0|     2|    8|       16|
    |layer46_out_152_U  |        0|    99|   67|    0|     2|    8|       16|
    |layer46_out_153_U  |        0|    99|   67|    0|     2|    8|       16|
    |layer46_out_154_U  |        0|    99|   67|    0|     2|    8|       16|
    |layer46_out_155_U  |        0|    99|   67|    0|     2|    8|       16|
    |layer46_out_156_U  |        0|    99|   67|    0|     2|    8|       16|
    |layer46_out_157_U  |        0|    99|   67|    0|     2|    8|       16|
    |layer46_out_158_U  |        0|    99|   67|    0|     2|    8|       16|
    |layer46_out_159_U  |        0|    99|   67|    0|     2|    8|       16|
    |layer46_out_15_U   |        0|    99|   67|    0|     2|    8|       16|
    |layer46_out_160_U  |        0|    99|   67|    0|     2|    8|       16|
    |layer46_out_161_U  |        0|    99|   67|    0|     2|    8|       16|
    |layer46_out_162_U  |        0|    99|   67|    0|     2|    8|       16|
    |layer46_out_163_U  |        0|    99|   67|    0|     2|    8|       16|
    |layer46_out_164_U  |        0|    99|   67|    0|     2|    8|       16|
    |layer46_out_165_U  |        0|    99|   67|    0|     2|    8|       16|
    |layer46_out_166_U  |        0|    99|   67|    0|     2|    8|       16|
    |layer46_out_167_U  |        0|    99|   67|    0|     2|    8|       16|
    |layer46_out_168_U  |        0|    99|   67|    0|     2|    8|       16|
    |layer46_out_169_U  |        0|    99|   67|    0|     2|    8|       16|
    |layer46_out_16_U   |        0|    99|   67|    0|     2|    8|       16|
    |layer46_out_170_U  |        0|    99|   67|    0|     2|    8|       16|
    |layer46_out_171_U  |        0|    99|   67|    0|     2|    8|       16|
    |layer46_out_172_U  |        0|    99|   67|    0|     2|    8|       16|
    |layer46_out_173_U  |        0|    99|   67|    0|     2|    8|       16|
    |layer46_out_174_U  |        0|    99|   67|    0|     2|    8|       16|
    |layer46_out_175_U  |        0|    99|   67|    0|     2|    8|       16|
    |layer46_out_176_U  |        0|    99|   67|    0|     2|    8|       16|
    |layer46_out_177_U  |        0|    99|   67|    0|     2|    8|       16|
    |layer46_out_178_U  |        0|    99|   67|    0|     2|    8|       16|
    |layer46_out_179_U  |        0|    99|   67|    0|     2|    8|       16|
    |layer46_out_17_U   |        0|    99|   67|    0|     2|    8|       16|
    |layer46_out_180_U  |        0|    99|   67|    0|     2|    8|       16|
    |layer46_out_181_U  |        0|    99|   67|    0|     2|    8|       16|
    |layer46_out_182_U  |        0|    99|   67|    0|     2|    8|       16|
    |layer46_out_183_U  |        0|    99|   67|    0|     2|    8|       16|
    |layer46_out_184_U  |        0|    99|   67|    0|     2|    8|       16|
    |layer46_out_185_U  |        0|    99|   67|    0|     2|    8|       16|
    |layer46_out_186_U  |        0|    99|   67|    0|     2|    8|       16|
    |layer46_out_187_U  |        0|    99|   67|    0|     2|    8|       16|
    |layer46_out_188_U  |        0|    99|   67|    0|     2|    8|       16|
    |layer46_out_189_U  |        0|    99|   67|    0|     2|    8|       16|
    |layer46_out_18_U   |        0|    99|   67|    0|     2|    8|       16|
    |layer46_out_190_U  |        0|    99|   67|    0|     2|    8|       16|
    |layer46_out_191_U  |        0|    99|   67|    0|     2|    8|       16|
    |layer46_out_192_U  |        0|    99|   67|    0|     2|    8|       16|
    |layer46_out_193_U  |        0|    99|   67|    0|     2|    8|       16|
    |layer46_out_194_U  |        0|    99|   67|    0|     2|    8|       16|
    |layer46_out_195_U  |        0|    99|   67|    0|     2|    8|       16|
    |layer46_out_196_U  |        0|    99|   67|    0|     2|    8|       16|
    |layer46_out_197_U  |        0|    99|   67|    0|     2|    8|       16|
    |layer46_out_198_U  |        0|    99|   67|    0|     2|    8|       16|
    |layer46_out_199_U  |        0|    99|   67|    0|     2|    8|       16|
    |layer46_out_19_U   |        0|    99|   67|    0|     2|    8|       16|
    |layer46_out_1_U    |        0|    99|   67|    0|     2|    8|       16|
    |layer46_out_200_U  |        0|    99|   67|    0|     2|    8|       16|
    |layer46_out_201_U  |        0|    99|   67|    0|     2|    8|       16|
    |layer46_out_202_U  |        0|    99|   67|    0|     2|    8|       16|
    |layer46_out_203_U  |        0|    99|   67|    0|     2|    8|       16|
    |layer46_out_204_U  |        0|    99|   67|    0|     2|    8|       16|
    |layer46_out_205_U  |        0|    99|   67|    0|     2|    8|       16|
    |layer46_out_206_U  |        0|    99|   67|    0|     2|    8|       16|
    |layer46_out_207_U  |        0|    99|   67|    0|     2|    8|       16|
    |layer46_out_208_U  |        0|    99|   67|    0|     2|    8|       16|
    |layer46_out_209_U  |        0|    99|   67|    0|     2|    8|       16|
    |layer46_out_20_U   |        0|    99|   67|    0|     2|    8|       16|
    |layer46_out_210_U  |        0|    99|   67|    0|     2|    8|       16|
    |layer46_out_211_U  |        0|    99|   67|    0|     2|    8|       16|
    |layer46_out_212_U  |        0|    99|   67|    0|     2|    8|       16|
    |layer46_out_213_U  |        0|    99|   67|    0|     2|    8|       16|
    |layer46_out_214_U  |        0|    99|   67|    0|     2|    8|       16|
    |layer46_out_215_U  |        0|    99|   67|    0|     2|    8|       16|
    |layer46_out_216_U  |        0|    99|   67|    0|     2|    8|       16|
    |layer46_out_217_U  |        0|    99|   67|    0|     2|    8|       16|
    |layer46_out_218_U  |        0|    99|   67|    0|     2|    8|       16|
    |layer46_out_219_U  |        0|    99|   67|    0|     2|    8|       16|
    |layer46_out_21_U   |        0|    99|   67|    0|     2|    8|       16|
    |layer46_out_220_U  |        0|    99|   67|    0|     2|    8|       16|
    |layer46_out_221_U  |        0|    99|   67|    0|     2|    8|       16|
    |layer46_out_222_U  |        0|    99|   67|    0|     2|    8|       16|
    |layer46_out_223_U  |        0|    99|   67|    0|     2|    8|       16|
    |layer46_out_224_U  |        0|    99|   67|    0|     2|    8|       16|
    |layer46_out_225_U  |        0|    99|   67|    0|     2|    8|       16|
    |layer46_out_226_U  |        0|    99|   67|    0|     2|    8|       16|
    |layer46_out_227_U  |        0|    99|   67|    0|     2|    8|       16|
    |layer46_out_228_U  |        0|    99|   67|    0|     2|    8|       16|
    |layer46_out_229_U  |        0|    99|   67|    0|     2|    8|       16|
    |layer46_out_22_U   |        0|    99|   67|    0|     2|    8|       16|
    |layer46_out_230_U  |        0|    99|   67|    0|     2|    8|       16|
    |layer46_out_231_U  |        0|    99|   67|    0|     2|    8|       16|
    |layer46_out_232_U  |        0|    99|   67|    0|     2|    8|       16|
    |layer46_out_233_U  |        0|    99|   67|    0|     2|    8|       16|
    |layer46_out_234_U  |        0|    99|   67|    0|     2|    8|       16|
    |layer46_out_235_U  |        0|    99|   67|    0|     2|    8|       16|
    |layer46_out_236_U  |        0|    99|   67|    0|     2|    8|       16|
    |layer46_out_237_U  |        0|    99|   67|    0|     2|    8|       16|
    |layer46_out_238_U  |        0|    99|   67|    0|     2|    8|       16|
    |layer46_out_239_U  |        0|    99|   67|    0|     2|    8|       16|
    |layer46_out_23_U   |        0|    99|   67|    0|     2|    8|       16|
    |layer46_out_240_U  |        0|    99|   67|    0|     2|    8|       16|
    |layer46_out_241_U  |        0|    99|   67|    0|     2|    8|       16|
    |layer46_out_242_U  |        0|    99|   67|    0|     2|    8|       16|
    |layer46_out_243_U  |        0|    99|   67|    0|     2|    8|       16|
    |layer46_out_244_U  |        0|    99|   67|    0|     2|    8|       16|
    |layer46_out_245_U  |        0|    99|   67|    0|     2|    8|       16|
    |layer46_out_246_U  |        0|    99|   67|    0|     2|    8|       16|
    |layer46_out_247_U  |        0|    99|   67|    0|     2|    8|       16|
    |layer46_out_248_U  |        0|    99|   67|    0|     2|    8|       16|
    |layer46_out_249_U  |        0|    99|   67|    0|     2|    8|       16|
    |layer46_out_24_U   |        0|    99|   67|    0|     2|    8|       16|
    |layer46_out_250_U  |        0|    99|   67|    0|     2|    8|       16|
    |layer46_out_251_U  |        0|    99|   67|    0|     2|    8|       16|
    |layer46_out_252_U  |        0|    99|   67|    0|     2|    8|       16|
    |layer46_out_253_U  |        0|    99|   67|    0|     2|    8|       16|
    |layer46_out_254_U  |        0|    99|   67|    0|     2|    8|       16|
    |layer46_out_255_U  |        0|    99|   67|    0|     2|    8|       16|
    |layer46_out_256_U  |        0|    99|   67|    0|     2|    8|       16|
    |layer46_out_257_U  |        0|    99|   67|    0|     2|    8|       16|
    |layer46_out_258_U  |        0|    99|   67|    0|     2|    8|       16|
    |layer46_out_259_U  |        0|    99|   67|    0|     2|    8|       16|
    |layer46_out_25_U   |        0|    99|   67|    0|     2|    8|       16|
    |layer46_out_260_U  |        0|    99|   67|    0|     2|    8|       16|
    |layer46_out_261_U  |        0|    99|   67|    0|     2|    8|       16|
    |layer46_out_262_U  |        0|    99|   67|    0|     2|    8|       16|
    |layer46_out_263_U  |        0|    99|   67|    0|     2|    8|       16|
    |layer46_out_264_U  |        0|    99|   67|    0|     2|    8|       16|
    |layer46_out_265_U  |        0|    99|   67|    0|     2|    8|       16|
    |layer46_out_266_U  |        0|    99|   67|    0|     2|    8|       16|
    |layer46_out_267_U  |        0|    99|   67|    0|     2|    8|       16|
    |layer46_out_268_U  |        0|    99|   67|    0|     2|    8|       16|
    |layer46_out_269_U  |        0|    99|   67|    0|     2|    8|       16|
    |layer46_out_26_U   |        0|    99|   67|    0|     2|    8|       16|
    |layer46_out_270_U  |        0|    99|   67|    0|     2|    8|       16|
    |layer46_out_271_U  |        0|    99|   67|    0|     2|    8|       16|
    |layer46_out_272_U  |        0|    99|   67|    0|     2|    8|       16|
    |layer46_out_273_U  |        0|    99|   67|    0|     2|    8|       16|
    |layer46_out_274_U  |        0|    99|   67|    0|     2|    8|       16|
    |layer46_out_275_U  |        0|    99|   67|    0|     2|    8|       16|
    |layer46_out_276_U  |        0|    99|   67|    0|     2|    8|       16|
    |layer46_out_277_U  |        0|    99|   67|    0|     2|    8|       16|
    |layer46_out_278_U  |        0|    99|   67|    0|     2|    8|       16|
    |layer46_out_279_U  |        0|    99|   67|    0|     2|    8|       16|
    |layer46_out_27_U   |        0|    99|   67|    0|     2|    8|       16|
    |layer46_out_280_U  |        0|    99|   67|    0|     2|    8|       16|
    |layer46_out_281_U  |        0|    99|   67|    0|     2|    8|       16|
    |layer46_out_282_U  |        0|    99|   67|    0|     2|    8|       16|
    |layer46_out_283_U  |        0|    99|   67|    0|     2|    8|       16|
    |layer46_out_284_U  |        0|    99|   67|    0|     2|    8|       16|
    |layer46_out_285_U  |        0|    99|   67|    0|     2|    8|       16|
    |layer46_out_286_U  |        0|    99|   67|    0|     2|    8|       16|
    |layer46_out_287_U  |        0|    99|   67|    0|     2|    8|       16|
    |layer46_out_288_U  |        0|    99|   67|    0|     2|    8|       16|
    |layer46_out_289_U  |        0|    99|   67|    0|     2|    8|       16|
    |layer46_out_28_U   |        0|    99|   67|    0|     2|    8|       16|
    |layer46_out_290_U  |        0|    99|   67|    0|     2|    8|       16|
    |layer46_out_291_U  |        0|    99|   67|    0|     2|    8|       16|
    |layer46_out_292_U  |        0|    99|   67|    0|     2|    8|       16|
    |layer46_out_293_U  |        0|    99|   67|    0|     2|    8|       16|
    |layer46_out_294_U  |        0|    99|   67|    0|     2|    8|       16|
    |layer46_out_295_U  |        0|    99|   67|    0|     2|    8|       16|
    |layer46_out_296_U  |        0|    99|   67|    0|     2|    8|       16|
    |layer46_out_297_U  |        0|    99|   67|    0|     2|    8|       16|
    |layer46_out_298_U  |        0|    99|   67|    0|     2|    8|       16|
    |layer46_out_299_U  |        0|    99|   67|    0|     2|    8|       16|
    |layer46_out_29_U   |        0|    99|   67|    0|     2|    8|       16|
    |layer46_out_2_U    |        0|    99|   67|    0|     2|    8|       16|
    |layer46_out_300_U  |        0|    99|   67|    0|     2|    8|       16|
    |layer46_out_301_U  |        0|    99|   67|    0|     2|    8|       16|
    |layer46_out_302_U  |        0|    99|   67|    0|     2|    8|       16|
    |layer46_out_303_U  |        0|    99|   67|    0|     2|    8|       16|
    |layer46_out_304_U  |        0|    99|   67|    0|     2|    8|       16|
    |layer46_out_305_U  |        0|    99|   67|    0|     2|    8|       16|
    |layer46_out_306_U  |        0|    99|   67|    0|     2|    8|       16|
    |layer46_out_307_U  |        0|    99|   67|    0|     2|    8|       16|
    |layer46_out_308_U  |        0|    99|   67|    0|     2|    8|       16|
    |layer46_out_309_U  |        0|    99|   67|    0|     2|    8|       16|
    |layer46_out_30_U   |        0|    99|   67|    0|     2|    8|       16|
    |layer46_out_310_U  |        0|    99|   67|    0|     2|    8|       16|
    |layer46_out_311_U  |        0|    99|   67|    0|     2|    8|       16|
    |layer46_out_312_U  |        0|    99|   67|    0|     2|    8|       16|
    |layer46_out_313_U  |        0|    99|   67|    0|     2|    8|       16|
    |layer46_out_314_U  |        0|    99|   67|    0|     2|    8|       16|
    |layer46_out_315_U  |        0|    99|   67|    0|     2|    8|       16|
    |layer46_out_316_U  |        0|    99|   67|    0|     2|    8|       16|
    |layer46_out_317_U  |        0|    99|   67|    0|     2|    8|       16|
    |layer46_out_318_U  |        0|    99|   67|    0|     2|    8|       16|
    |layer46_out_319_U  |        0|    99|   67|    0|     2|    8|       16|
    |layer46_out_31_U   |        0|    99|   67|    0|     2|    8|       16|
    |layer46_out_320_U  |        0|    99|   67|    0|     2|    8|       16|
    |layer46_out_321_U  |        0|    99|   67|    0|     2|    8|       16|
    |layer46_out_322_U  |        0|    99|   67|    0|     2|    8|       16|
    |layer46_out_323_U  |        0|    99|   67|    0|     2|    8|       16|
    |layer46_out_324_U  |        0|    99|   67|    0|     2|    8|       16|
    |layer46_out_325_U  |        0|    99|   67|    0|     2|    8|       16|
    |layer46_out_326_U  |        0|    99|   67|    0|     2|    8|       16|
    |layer46_out_327_U  |        0|    99|   67|    0|     2|    8|       16|
    |layer46_out_328_U  |        0|    99|   67|    0|     2|    8|       16|
    |layer46_out_329_U  |        0|    99|   67|    0|     2|    8|       16|
    |layer46_out_32_U   |        0|    99|   67|    0|     2|    8|       16|
    |layer46_out_330_U  |        0|    99|   67|    0|     2|    8|       16|
    |layer46_out_331_U  |        0|    99|   67|    0|     2|    8|       16|
    |layer46_out_332_U  |        0|    99|   67|    0|     2|    8|       16|
    |layer46_out_333_U  |        0|    99|   67|    0|     2|    8|       16|
    |layer46_out_334_U  |        0|    99|   67|    0|     2|    8|       16|
    |layer46_out_335_U  |        0|    99|   67|    0|     2|    8|       16|
    |layer46_out_336_U  |        0|    99|   67|    0|     2|    8|       16|
    |layer46_out_337_U  |        0|    99|   67|    0|     2|    8|       16|
    |layer46_out_338_U  |        0|    99|   67|    0|     2|    8|       16|
    |layer46_out_339_U  |        0|    99|   67|    0|     2|    8|       16|
    |layer46_out_33_U   |        0|    99|   67|    0|     2|    8|       16|
    |layer46_out_340_U  |        0|    99|   67|    0|     2|    8|       16|
    |layer46_out_341_U  |        0|    99|   67|    0|     2|    8|       16|
    |layer46_out_342_U  |        0|    99|   67|    0|     2|    8|       16|
    |layer46_out_343_U  |        0|    99|   67|    0|     2|    8|       16|
    |layer46_out_344_U  |        0|    99|   67|    0|     2|    8|       16|
    |layer46_out_345_U  |        0|    99|   67|    0|     2|    8|       16|
    |layer46_out_346_U  |        0|    99|   67|    0|     2|    8|       16|
    |layer46_out_347_U  |        0|    99|   67|    0|     2|    8|       16|
    |layer46_out_348_U  |        0|    99|   67|    0|     2|    8|       16|
    |layer46_out_349_U  |        0|    99|   67|    0|     2|    8|       16|
    |layer46_out_34_U   |        0|    99|   67|    0|     2|    8|       16|
    |layer46_out_350_U  |        0|    99|   67|    0|     2|    8|       16|
    |layer46_out_351_U  |        0|    99|   67|    0|     2|    8|       16|
    |layer46_out_352_U  |        0|    99|   67|    0|     2|    8|       16|
    |layer46_out_353_U  |        0|    99|   67|    0|     2|    8|       16|
    |layer46_out_354_U  |        0|    99|   67|    0|     2|    8|       16|
    |layer46_out_355_U  |        0|    99|   67|    0|     2|    8|       16|
    |layer46_out_356_U  |        0|    99|   67|    0|     2|    8|       16|
    |layer46_out_357_U  |        0|    99|   67|    0|     2|    8|       16|
    |layer46_out_358_U  |        0|    99|   67|    0|     2|    8|       16|
    |layer46_out_359_U  |        0|    99|   67|    0|     2|    8|       16|
    |layer46_out_35_U   |        0|    99|   67|    0|     2|    8|       16|
    |layer46_out_360_U  |        0|    99|   67|    0|     2|    8|       16|
    |layer46_out_361_U  |        0|    99|   67|    0|     2|    8|       16|
    |layer46_out_362_U  |        0|    99|   67|    0|     2|    8|       16|
    |layer46_out_363_U  |        0|    99|   67|    0|     2|    8|       16|
    |layer46_out_364_U  |        0|    99|   67|    0|     2|    8|       16|
    |layer46_out_365_U  |        0|    99|   67|    0|     2|    8|       16|
    |layer46_out_366_U  |        0|    99|   67|    0|     2|    8|       16|
    |layer46_out_367_U  |        0|    99|   67|    0|     2|    8|       16|
    |layer46_out_368_U  |        0|    99|   67|    0|     2|    8|       16|
    |layer46_out_369_U  |        0|    99|   67|    0|     2|    8|       16|
    |layer46_out_36_U   |        0|    99|   67|    0|     2|    8|       16|
    |layer46_out_370_U  |        0|    99|   67|    0|     2|    8|       16|
    |layer46_out_371_U  |        0|    99|   67|    0|     2|    8|       16|
    |layer46_out_372_U  |        0|    99|   67|    0|     2|    8|       16|
    |layer46_out_373_U  |        0|    99|   67|    0|     2|    8|       16|
    |layer46_out_374_U  |        0|    99|   67|    0|     2|    8|       16|
    |layer46_out_375_U  |        0|    99|   67|    0|     2|    8|       16|
    |layer46_out_376_U  |        0|    99|   67|    0|     2|    8|       16|
    |layer46_out_377_U  |        0|    99|   67|    0|     2|    8|       16|
    |layer46_out_378_U  |        0|    99|   67|    0|     2|    8|       16|
    |layer46_out_379_U  |        0|    99|   67|    0|     2|    8|       16|
    |layer46_out_37_U   |        0|    99|   67|    0|     2|    8|       16|
    |layer46_out_380_U  |        0|    99|   67|    0|     2|    8|       16|
    |layer46_out_381_U  |        0|    99|   67|    0|     2|    8|       16|
    |layer46_out_382_U  |        0|    99|   67|    0|     2|    8|       16|
    |layer46_out_383_U  |        0|    99|   67|    0|     2|    8|       16|
    |layer46_out_384_U  |        0|    99|   67|    0|     2|    8|       16|
    |layer46_out_385_U  |        0|    99|   67|    0|     2|    8|       16|
    |layer46_out_386_U  |        0|    99|   67|    0|     2|    8|       16|
    |layer46_out_387_U  |        0|    99|   67|    0|     2|    8|       16|
    |layer46_out_388_U  |        0|    99|   67|    0|     2|    8|       16|
    |layer46_out_389_U  |        0|    99|   67|    0|     2|    8|       16|
    |layer46_out_38_U   |        0|    99|   67|    0|     2|    8|       16|
    |layer46_out_390_U  |        0|    99|   67|    0|     2|    8|       16|
    |layer46_out_391_U  |        0|    99|   67|    0|     2|    8|       16|
    |layer46_out_392_U  |        0|    99|   67|    0|     2|    8|       16|
    |layer46_out_393_U  |        0|    99|   67|    0|     2|    8|       16|
    |layer46_out_394_U  |        0|    99|   67|    0|     2|    8|       16|
    |layer46_out_395_U  |        0|    99|   67|    0|     2|    8|       16|
    |layer46_out_396_U  |        0|    99|   67|    0|     2|    8|       16|
    |layer46_out_397_U  |        0|    99|   67|    0|     2|    8|       16|
    |layer46_out_398_U  |        0|    99|   67|    0|     2|    8|       16|
    |layer46_out_399_U  |        0|    99|   67|    0|     2|    8|       16|
    |layer46_out_39_U   |        0|    99|   67|    0|     2|    8|       16|
    |layer46_out_3_U    |        0|    99|   67|    0|     2|    8|       16|
    |layer46_out_400_U  |        0|    99|   67|    0|     2|    8|       16|
    |layer46_out_401_U  |        0|    99|   67|    0|     2|    8|       16|
    |layer46_out_402_U  |        0|    99|   67|    0|     2|    8|       16|
    |layer46_out_403_U  |        0|    99|   67|    0|     2|    8|       16|
    |layer46_out_404_U  |        0|    99|   67|    0|     2|    8|       16|
    |layer46_out_405_U  |        0|    99|   67|    0|     2|    8|       16|
    |layer46_out_406_U  |        0|    99|   67|    0|     2|    8|       16|
    |layer46_out_407_U  |        0|    99|   67|    0|     2|    8|       16|
    |layer46_out_408_U  |        0|    99|   67|    0|     2|    8|       16|
    |layer46_out_409_U  |        0|    99|   67|    0|     2|    8|       16|
    |layer46_out_40_U   |        0|    99|   67|    0|     2|    8|       16|
    |layer46_out_410_U  |        0|    99|   67|    0|     2|    8|       16|
    |layer46_out_411_U  |        0|    99|   67|    0|     2|    8|       16|
    |layer46_out_412_U  |        0|    99|   67|    0|     2|    8|       16|
    |layer46_out_413_U  |        0|    99|   67|    0|     2|    8|       16|
    |layer46_out_414_U  |        0|    99|   67|    0|     2|    8|       16|
    |layer46_out_415_U  |        0|    99|   67|    0|     2|    8|       16|
    |layer46_out_416_U  |        0|    99|   67|    0|     2|    8|       16|
    |layer46_out_417_U  |        0|    99|   67|    0|     2|    8|       16|
    |layer46_out_418_U  |        0|    99|   67|    0|     2|    8|       16|
    |layer46_out_419_U  |        0|    99|   67|    0|     2|    8|       16|
    |layer46_out_41_U   |        0|    99|   67|    0|     2|    8|       16|
    |layer46_out_420_U  |        0|    99|   67|    0|     2|    8|       16|
    |layer46_out_421_U  |        0|    99|   67|    0|     2|    8|       16|
    |layer46_out_422_U  |        0|    99|   67|    0|     2|    8|       16|
    |layer46_out_423_U  |        0|    99|   67|    0|     2|    8|       16|
    |layer46_out_424_U  |        0|    99|   67|    0|     2|    8|       16|
    |layer46_out_425_U  |        0|    99|   67|    0|     2|    8|       16|
    |layer46_out_426_U  |        0|    99|   67|    0|     2|    8|       16|
    |layer46_out_427_U  |        0|    99|   67|    0|     2|    8|       16|
    |layer46_out_428_U  |        0|    99|   67|    0|     2|    8|       16|
    |layer46_out_429_U  |        0|    99|   67|    0|     2|    8|       16|
    |layer46_out_42_U   |        0|    99|   67|    0|     2|    8|       16|
    |layer46_out_430_U  |        0|    99|   67|    0|     2|    8|       16|
    |layer46_out_431_U  |        0|    99|   67|    0|     2|    8|       16|
    |layer46_out_432_U  |        0|    99|   67|    0|     2|    8|       16|
    |layer46_out_433_U  |        0|    99|   67|    0|     2|    8|       16|
    |layer46_out_434_U  |        0|    99|   67|    0|     2|    8|       16|
    |layer46_out_435_U  |        0|    99|   67|    0|     2|    8|       16|
    |layer46_out_436_U  |        0|    99|   67|    0|     2|    8|       16|
    |layer46_out_437_U  |        0|    99|   67|    0|     2|    8|       16|
    |layer46_out_438_U  |        0|    99|   67|    0|     2|    8|       16|
    |layer46_out_439_U  |        0|    99|   67|    0|     2|    8|       16|
    |layer46_out_43_U   |        0|    99|   67|    0|     2|    8|       16|
    |layer46_out_440_U  |        0|    99|   67|    0|     2|    8|       16|
    |layer46_out_441_U  |        0|    99|   67|    0|     2|    8|       16|
    |layer46_out_442_U  |        0|    99|   67|    0|     2|    8|       16|
    |layer46_out_443_U  |        0|    99|   67|    0|     2|    8|       16|
    |layer46_out_444_U  |        0|    99|   67|    0|     2|    8|       16|
    |layer46_out_445_U  |        0|    99|   67|    0|     2|    8|       16|
    |layer46_out_446_U  |        0|    99|   67|    0|     2|    8|       16|
    |layer46_out_447_U  |        0|    99|   67|    0|     2|    8|       16|
    |layer46_out_448_U  |        0|    99|   67|    0|     2|    8|       16|
    |layer46_out_449_U  |        0|    99|   67|    0|     2|    8|       16|
    |layer46_out_44_U   |        0|    99|   67|    0|     2|    8|       16|
    |layer46_out_450_U  |        0|    99|   67|    0|     2|    8|       16|
    |layer46_out_451_U  |        0|    99|   67|    0|     2|    8|       16|
    |layer46_out_452_U  |        0|    99|   67|    0|     2|    8|       16|
    |layer46_out_453_U  |        0|    99|   67|    0|     2|    8|       16|
    |layer46_out_454_U  |        0|    99|   67|    0|     2|    8|       16|
    |layer46_out_455_U  |        0|    99|   67|    0|     2|    8|       16|
    |layer46_out_456_U  |        0|    99|   67|    0|     2|    8|       16|
    |layer46_out_457_U  |        0|    99|   67|    0|     2|    8|       16|
    |layer46_out_458_U  |        0|    99|   67|    0|     2|    8|       16|
    |layer46_out_459_U  |        0|    99|   67|    0|     2|    8|       16|
    |layer46_out_45_U   |        0|    99|   67|    0|     2|    8|       16|
    |layer46_out_460_U  |        0|    99|   67|    0|     2|    8|       16|
    |layer46_out_461_U  |        0|    99|   67|    0|     2|    8|       16|
    |layer46_out_462_U  |        0|    99|   67|    0|     2|    8|       16|
    |layer46_out_463_U  |        0|    99|   67|    0|     2|    8|       16|
    |layer46_out_464_U  |        0|    99|   67|    0|     2|    8|       16|
    |layer46_out_465_U  |        0|    99|   67|    0|     2|    8|       16|
    |layer46_out_466_U  |        0|    99|   67|    0|     2|    8|       16|
    |layer46_out_467_U  |        0|    99|   67|    0|     2|    8|       16|
    |layer46_out_468_U  |        0|    99|   67|    0|     2|    8|       16|
    |layer46_out_469_U  |        0|    99|   67|    0|     2|    8|       16|
    |layer46_out_46_U   |        0|    99|   67|    0|     2|    8|       16|
    |layer46_out_470_U  |        0|    99|   67|    0|     2|    8|       16|
    |layer46_out_471_U  |        0|    99|   67|    0|     2|    8|       16|
    |layer46_out_472_U  |        0|    99|   67|    0|     2|    8|       16|
    |layer46_out_473_U  |        0|    99|   67|    0|     2|    8|       16|
    |layer46_out_474_U  |        0|    99|   67|    0|     2|    8|       16|
    |layer46_out_475_U  |        0|    99|   67|    0|     2|    8|       16|
    |layer46_out_476_U  |        0|    99|   67|    0|     2|    8|       16|
    |layer46_out_477_U  |        0|    99|   67|    0|     2|    8|       16|
    |layer46_out_478_U  |        0|    99|   67|    0|     2|    8|       16|
    |layer46_out_479_U  |        0|    99|   67|    0|     2|    8|       16|
    |layer46_out_47_U   |        0|    99|   67|    0|     2|    8|       16|
    |layer46_out_480_U  |        0|    99|   67|    0|     2|    8|       16|
    |layer46_out_481_U  |        0|    99|   67|    0|     2|    8|       16|
    |layer46_out_482_U  |        0|    99|   67|    0|     2|    8|       16|
    |layer46_out_483_U  |        0|    99|   67|    0|     2|    8|       16|
    |layer46_out_484_U  |        0|    99|   67|    0|     2|    8|       16|
    |layer46_out_485_U  |        0|    99|   67|    0|     2|    8|       16|
    |layer46_out_486_U  |        0|    99|   67|    0|     2|    8|       16|
    |layer46_out_487_U  |        0|    99|   67|    0|     2|    8|       16|
    |layer46_out_488_U  |        0|    99|   67|    0|     2|    8|       16|
    |layer46_out_489_U  |        0|    99|   67|    0|     2|    8|       16|
    |layer46_out_48_U   |        0|    99|   67|    0|     2|    8|       16|
    |layer46_out_490_U  |        0|    99|   67|    0|     2|    8|       16|
    |layer46_out_491_U  |        0|    99|   67|    0|     2|    8|       16|
    |layer46_out_492_U  |        0|    99|   67|    0|     2|    8|       16|
    |layer46_out_493_U  |        0|    99|   67|    0|     2|    8|       16|
    |layer46_out_494_U  |        0|    99|   67|    0|     2|    8|       16|
    |layer46_out_495_U  |        0|    99|   67|    0|     2|    8|       16|
    |layer46_out_496_U  |        0|    99|   67|    0|     2|    8|       16|
    |layer46_out_497_U  |        0|    99|   67|    0|     2|    8|       16|
    |layer46_out_498_U  |        0|    99|   67|    0|     2|    8|       16|
    |layer46_out_499_U  |        0|    99|   67|    0|     2|    8|       16|
    |layer46_out_49_U   |        0|    99|   67|    0|     2|    8|       16|
    |layer46_out_4_U    |        0|    99|   67|    0|     2|    8|       16|
    |layer46_out_500_U  |        0|    99|   67|    0|     2|    8|       16|
    |layer46_out_501_U  |        0|    99|   67|    0|     2|    8|       16|
    |layer46_out_502_U  |        0|    99|   67|    0|     2|    8|       16|
    |layer46_out_503_U  |        0|    99|   67|    0|     2|    8|       16|
    |layer46_out_504_U  |        0|    99|   67|    0|     2|    8|       16|
    |layer46_out_505_U  |        0|    99|   67|    0|     2|    8|       16|
    |layer46_out_506_U  |        0|    99|   67|    0|     2|    8|       16|
    |layer46_out_507_U  |        0|    99|   67|    0|     2|    8|       16|
    |layer46_out_508_U  |        0|    99|   67|    0|     2|    8|       16|
    |layer46_out_509_U  |        0|    99|   67|    0|     2|    8|       16|
    |layer46_out_50_U   |        0|    99|   67|    0|     2|    8|       16|
    |layer46_out_510_U  |        0|    99|   67|    0|     2|    8|       16|
    |layer46_out_511_U  |        0|    99|   67|    0|     2|    8|       16|
    |layer46_out_512_U  |        0|    99|   67|    0|     2|    8|       16|
    |layer46_out_513_U  |        0|    99|   67|    0|     2|    8|       16|
    |layer46_out_514_U  |        0|    99|   67|    0|     2|    8|       16|
    |layer46_out_515_U  |        0|    99|   67|    0|     2|    8|       16|
    |layer46_out_516_U  |        0|    99|   67|    0|     2|    8|       16|
    |layer46_out_517_U  |        0|    99|   67|    0|     2|    8|       16|
    |layer46_out_518_U  |        0|    99|   67|    0|     2|    8|       16|
    |layer46_out_519_U  |        0|    99|   67|    0|     2|    8|       16|
    |layer46_out_51_U   |        0|    99|   67|    0|     2|    8|       16|
    |layer46_out_520_U  |        0|    99|   67|    0|     2|    8|       16|
    |layer46_out_521_U  |        0|    99|   67|    0|     2|    8|       16|
    |layer46_out_522_U  |        0|    99|   67|    0|     2|    8|       16|
    |layer46_out_523_U  |        0|    99|   67|    0|     2|    8|       16|
    |layer46_out_524_U  |        0|    99|   67|    0|     2|    8|       16|
    |layer46_out_525_U  |        0|    99|   67|    0|     2|    8|       16|
    |layer46_out_526_U  |        0|    99|   67|    0|     2|    8|       16|
    |layer46_out_527_U  |        0|    99|   67|    0|     2|    8|       16|
    |layer46_out_528_U  |        0|    99|   67|    0|     2|    8|       16|
    |layer46_out_529_U  |        0|    99|   67|    0|     2|    8|       16|
    |layer46_out_52_U   |        0|    99|   67|    0|     2|    8|       16|
    |layer46_out_530_U  |        0|    99|   67|    0|     2|    8|       16|
    |layer46_out_531_U  |        0|    99|   67|    0|     2|    8|       16|
    |layer46_out_532_U  |        0|    99|   67|    0|     2|    8|       16|
    |layer46_out_533_U  |        0|    99|   67|    0|     2|    8|       16|
    |layer46_out_534_U  |        0|    99|   67|    0|     2|    8|       16|
    |layer46_out_535_U  |        0|    99|   67|    0|     2|    8|       16|
    |layer46_out_536_U  |        0|    99|   67|    0|     2|    8|       16|
    |layer46_out_537_U  |        0|    99|   67|    0|     2|    8|       16|
    |layer46_out_538_U  |        0|    99|   67|    0|     2|    8|       16|
    |layer46_out_539_U  |        0|    99|   67|    0|     2|    8|       16|
    |layer46_out_53_U   |        0|    99|   67|    0|     2|    8|       16|
    |layer46_out_540_U  |        0|    99|   67|    0|     2|    8|       16|
    |layer46_out_541_U  |        0|    99|   67|    0|     2|    8|       16|
    |layer46_out_542_U  |        0|    99|   67|    0|     2|    8|       16|
    |layer46_out_543_U  |        0|    99|   67|    0|     2|    8|       16|
    |layer46_out_544_U  |        0|    99|   67|    0|     2|    8|       16|
    |layer46_out_545_U  |        0|    99|   67|    0|     2|    8|       16|
    |layer46_out_546_U  |        0|    99|   67|    0|     2|    8|       16|
    |layer46_out_547_U  |        0|    99|   67|    0|     2|    8|       16|
    |layer46_out_548_U  |        0|    99|   67|    0|     2|    8|       16|
    |layer46_out_549_U  |        0|    99|   67|    0|     2|    8|       16|
    |layer46_out_54_U   |        0|    99|   67|    0|     2|    8|       16|
    |layer46_out_550_U  |        0|    99|   67|    0|     2|    8|       16|
    |layer46_out_551_U  |        0|    99|   67|    0|     2|    8|       16|
    |layer46_out_552_U  |        0|    99|   67|    0|     2|    8|       16|
    |layer46_out_553_U  |        0|    99|   67|    0|     2|    8|       16|
    |layer46_out_554_U  |        0|    99|   67|    0|     2|    8|       16|
    |layer46_out_555_U  |        0|    99|   67|    0|     2|    8|       16|
    |layer46_out_556_U  |        0|    99|   67|    0|     2|    8|       16|
    |layer46_out_557_U  |        0|    99|   67|    0|     2|    8|       16|
    |layer46_out_558_U  |        0|    99|   67|    0|     2|    8|       16|
    |layer46_out_559_U  |        0|    99|   67|    0|     2|    8|       16|
    |layer46_out_55_U   |        0|    99|   67|    0|     2|    8|       16|
    |layer46_out_560_U  |        0|    99|   67|    0|     2|    8|       16|
    |layer46_out_561_U  |        0|    99|   67|    0|     2|    8|       16|
    |layer46_out_562_U  |        0|    99|   67|    0|     2|    8|       16|
    |layer46_out_563_U  |        0|    99|   67|    0|     2|    8|       16|
    |layer46_out_564_U  |        0|    99|   67|    0|     2|    8|       16|
    |layer46_out_565_U  |        0|    99|   67|    0|     2|    8|       16|
    |layer46_out_566_U  |        0|    99|   67|    0|     2|    8|       16|
    |layer46_out_567_U  |        0|    99|   67|    0|     2|    8|       16|
    |layer46_out_568_U  |        0|    99|   67|    0|     2|    8|       16|
    |layer46_out_569_U  |        0|    99|   67|    0|     2|    8|       16|
    |layer46_out_56_U   |        0|    99|   67|    0|     2|    8|       16|
    |layer46_out_570_U  |        0|    99|   67|    0|     2|    8|       16|
    |layer46_out_571_U  |        0|    99|   67|    0|     2|    8|       16|
    |layer46_out_572_U  |        0|    99|   67|    0|     2|    8|       16|
    |layer46_out_573_U  |        0|    99|   67|    0|     2|    8|       16|
    |layer46_out_574_U  |        0|    99|   67|    0|     2|    8|       16|
    |layer46_out_575_U  |        0|    99|   67|    0|     2|    8|       16|
    |layer46_out_576_U  |        0|    99|   67|    0|     2|    8|       16|
    |layer46_out_577_U  |        0|    99|   67|    0|     2|    8|       16|
    |layer46_out_578_U  |        0|    99|   67|    0|     2|    8|       16|
    |layer46_out_579_U  |        0|    99|   67|    0|     2|    8|       16|
    |layer46_out_57_U   |        0|    99|   67|    0|     2|    8|       16|
    |layer46_out_580_U  |        0|    99|   67|    0|     2|    8|       16|
    |layer46_out_581_U  |        0|    99|   67|    0|     2|    8|       16|
    |layer46_out_582_U  |        0|    99|   67|    0|     2|    8|       16|
    |layer46_out_583_U  |        0|    99|   67|    0|     2|    8|       16|
    |layer46_out_584_U  |        0|    99|   67|    0|     2|    8|       16|
    |layer46_out_585_U  |        0|    99|   67|    0|     2|    8|       16|
    |layer46_out_586_U  |        0|    99|   67|    0|     2|    8|       16|
    |layer46_out_587_U  |        0|    99|   67|    0|     2|    8|       16|
    |layer46_out_588_U  |        0|    99|   67|    0|     2|    8|       16|
    |layer46_out_589_U  |        0|    99|   67|    0|     2|    8|       16|
    |layer46_out_58_U   |        0|    99|   67|    0|     2|    8|       16|
    |layer46_out_590_U  |        0|    99|   67|    0|     2|    8|       16|
    |layer46_out_591_U  |        0|    99|   67|    0|     2|    8|       16|
    |layer46_out_592_U  |        0|    99|   67|    0|     2|    8|       16|
    |layer46_out_593_U  |        0|    99|   67|    0|     2|    8|       16|
    |layer46_out_594_U  |        0|    99|   67|    0|     2|    8|       16|
    |layer46_out_595_U  |        0|    99|   67|    0|     2|    8|       16|
    |layer46_out_596_U  |        0|    99|   67|    0|     2|    8|       16|
    |layer46_out_597_U  |        0|    99|   67|    0|     2|    8|       16|
    |layer46_out_598_U  |        0|    99|   67|    0|     2|    8|       16|
    |layer46_out_599_U  |        0|    99|   67|    0|     2|    8|       16|
    |layer46_out_59_U   |        0|    99|   67|    0|     2|    8|       16|
    |layer46_out_5_U    |        0|    99|   67|    0|     2|    8|       16|
    |layer46_out_600_U  |        0|    99|   67|    0|     2|    8|       16|
    |layer46_out_601_U  |        0|    99|   67|    0|     2|    8|       16|
    |layer46_out_602_U  |        0|    99|   67|    0|     2|    8|       16|
    |layer46_out_603_U  |        0|    99|   67|    0|     2|    8|       16|
    |layer46_out_604_U  |        0|    99|   67|    0|     2|    8|       16|
    |layer46_out_605_U  |        0|    99|   67|    0|     2|    8|       16|
    |layer46_out_606_U  |        0|    99|   67|    0|     2|    8|       16|
    |layer46_out_607_U  |        0|    99|   67|    0|     2|    8|       16|
    |layer46_out_608_U  |        0|    99|   67|    0|     2|    8|       16|
    |layer46_out_609_U  |        0|    99|   67|    0|     2|    8|       16|
    |layer46_out_60_U   |        0|    99|   67|    0|     2|    8|       16|
    |layer46_out_610_U  |        0|    99|   67|    0|     2|    8|       16|
    |layer46_out_611_U  |        0|    99|   67|    0|     2|    8|       16|
    |layer46_out_612_U  |        0|    99|   67|    0|     2|    8|       16|
    |layer46_out_613_U  |        0|    99|   67|    0|     2|    8|       16|
    |layer46_out_614_U  |        0|    99|   67|    0|     2|    8|       16|
    |layer46_out_615_U  |        0|    99|   67|    0|     2|    8|       16|
    |layer46_out_616_U  |        0|    99|   67|    0|     2|    8|       16|
    |layer46_out_617_U  |        0|    99|   67|    0|     2|    8|       16|
    |layer46_out_618_U  |        0|    99|   67|    0|     2|    8|       16|
    |layer46_out_619_U  |        0|    99|   67|    0|     2|    8|       16|
    |layer46_out_61_U   |        0|    99|   67|    0|     2|    8|       16|
    |layer46_out_620_U  |        0|    99|   67|    0|     2|    8|       16|
    |layer46_out_621_U  |        0|    99|   67|    0|     2|    8|       16|
    |layer46_out_622_U  |        0|    99|   67|    0|     2|    8|       16|
    |layer46_out_623_U  |        0|    99|   67|    0|     2|    8|       16|
    |layer46_out_624_U  |        0|    99|   67|    0|     2|    8|       16|
    |layer46_out_625_U  |        0|    99|   67|    0|     2|    8|       16|
    |layer46_out_626_U  |        0|    99|   67|    0|     2|    8|       16|
    |layer46_out_627_U  |        0|    99|   67|    0|     2|    8|       16|
    |layer46_out_628_U  |        0|    99|   67|    0|     2|    8|       16|
    |layer46_out_629_U  |        0|    99|   67|    0|     2|    8|       16|
    |layer46_out_62_U   |        0|    99|   67|    0|     2|    8|       16|
    |layer46_out_630_U  |        0|    99|   67|    0|     2|    8|       16|
    |layer46_out_631_U  |        0|    99|   67|    0|     2|    8|       16|
    |layer46_out_632_U  |        0|    99|   67|    0|     2|    8|       16|
    |layer46_out_633_U  |        0|    99|   67|    0|     2|    8|       16|
    |layer46_out_634_U  |        0|    99|   67|    0|     2|    8|       16|
    |layer46_out_635_U  |        0|    99|   67|    0|     2|    8|       16|
    |layer46_out_636_U  |        0|    99|   67|    0|     2|    8|       16|
    |layer46_out_637_U  |        0|    99|   67|    0|     2|    8|       16|
    |layer46_out_638_U  |        0|    99|   67|    0|     2|    8|       16|
    |layer46_out_639_U  |        0|    99|   67|    0|     2|    8|       16|
    |layer46_out_63_U   |        0|    99|   67|    0|     2|    8|       16|
    |layer46_out_640_U  |        0|    99|   67|    0|     2|    8|       16|
    |layer46_out_641_U  |        0|    99|   67|    0|     2|    8|       16|
    |layer46_out_642_U  |        0|    99|   67|    0|     2|    8|       16|
    |layer46_out_643_U  |        0|    99|   67|    0|     2|    8|       16|
    |layer46_out_644_U  |        0|    99|   67|    0|     2|    8|       16|
    |layer46_out_645_U  |        0|    99|   67|    0|     2|    8|       16|
    |layer46_out_646_U  |        0|    99|   67|    0|     2|    8|       16|
    |layer46_out_647_U  |        0|    99|   67|    0|     2|    8|       16|
    |layer46_out_648_U  |        0|    99|   67|    0|     2|    8|       16|
    |layer46_out_649_U  |        0|    99|   67|    0|     2|    8|       16|
    |layer46_out_64_U   |        0|    99|   67|    0|     2|    8|       16|
    |layer46_out_650_U  |        0|    99|   67|    0|     2|    8|       16|
    |layer46_out_651_U  |        0|    99|   67|    0|     2|    8|       16|
    |layer46_out_652_U  |        0|    99|   67|    0|     2|    8|       16|
    |layer46_out_653_U  |        0|    99|   67|    0|     2|    8|       16|
    |layer46_out_654_U  |        0|    99|   67|    0|     2|    8|       16|
    |layer46_out_655_U  |        0|    99|   67|    0|     2|    8|       16|
    |layer46_out_656_U  |        0|    99|   67|    0|     2|    8|       16|
    |layer46_out_657_U  |        0|    99|   67|    0|     2|    8|       16|
    |layer46_out_658_U  |        0|    99|   67|    0|     2|    8|       16|
    |layer46_out_659_U  |        0|    99|   67|    0|     2|    8|       16|
    |layer46_out_65_U   |        0|    99|   67|    0|     2|    8|       16|
    |layer46_out_660_U  |        0|    99|   67|    0|     2|    8|       16|
    |layer46_out_661_U  |        0|    99|   67|    0|     2|    8|       16|
    |layer46_out_662_U  |        0|    99|   67|    0|     2|    8|       16|
    |layer46_out_663_U  |        0|    99|   67|    0|     2|    8|       16|
    |layer46_out_664_U  |        0|    99|   67|    0|     2|    8|       16|
    |layer46_out_665_U  |        0|    99|   67|    0|     2|    8|       16|
    |layer46_out_666_U  |        0|    99|   67|    0|     2|    8|       16|
    |layer46_out_667_U  |        0|    99|   67|    0|     2|    8|       16|
    |layer46_out_668_U  |        0|    99|   67|    0|     2|    8|       16|
    |layer46_out_669_U  |        0|    99|   67|    0|     2|    8|       16|
    |layer46_out_66_U   |        0|    99|   67|    0|     2|    8|       16|
    |layer46_out_670_U  |        0|    99|   67|    0|     2|    8|       16|
    |layer46_out_671_U  |        0|    99|   67|    0|     2|    8|       16|
    |layer46_out_672_U  |        0|    99|   67|    0|     2|    8|       16|
    |layer46_out_673_U  |        0|    99|   67|    0|     2|    8|       16|
    |layer46_out_674_U  |        0|    99|   67|    0|     2|    8|       16|
    |layer46_out_675_U  |        0|    99|   67|    0|     2|    8|       16|
    |layer46_out_676_U  |        0|    99|   67|    0|     2|    8|       16|
    |layer46_out_677_U  |        0|    99|   67|    0|     2|    8|       16|
    |layer46_out_678_U  |        0|    99|   67|    0|     2|    8|       16|
    |layer46_out_679_U  |        0|    99|   67|    0|     2|    8|       16|
    |layer46_out_67_U   |        0|    99|   67|    0|     2|    8|       16|
    |layer46_out_680_U  |        0|    99|   67|    0|     2|    8|       16|
    |layer46_out_681_U  |        0|    99|   67|    0|     2|    8|       16|
    |layer46_out_682_U  |        0|    99|   67|    0|     2|    8|       16|
    |layer46_out_683_U  |        0|    99|   67|    0|     2|    8|       16|
    |layer46_out_684_U  |        0|    99|   67|    0|     2|    8|       16|
    |layer46_out_685_U  |        0|    99|   67|    0|     2|    8|       16|
    |layer46_out_686_U  |        0|    99|   67|    0|     2|    8|       16|
    |layer46_out_687_U  |        0|    99|   67|    0|     2|    8|       16|
    |layer46_out_688_U  |        0|    99|   67|    0|     2|    8|       16|
    |layer46_out_689_U  |        0|    99|   67|    0|     2|    8|       16|
    |layer46_out_68_U   |        0|    99|   67|    0|     2|    8|       16|
    |layer46_out_690_U  |        0|    99|   67|    0|     2|    8|       16|
    |layer46_out_691_U  |        0|    99|   67|    0|     2|    8|       16|
    |layer46_out_692_U  |        0|    99|   67|    0|     2|    8|       16|
    |layer46_out_693_U  |        0|    99|   67|    0|     2|    8|       16|
    |layer46_out_694_U  |        0|    99|   67|    0|     2|    8|       16|
    |layer46_out_695_U  |        0|    99|   67|    0|     2|    8|       16|
    |layer46_out_696_U  |        0|    99|   67|    0|     2|    8|       16|
    |layer46_out_697_U  |        0|    99|   67|    0|     2|    8|       16|
    |layer46_out_698_U  |        0|    99|   67|    0|     2|    8|       16|
    |layer46_out_699_U  |        0|    99|   67|    0|     2|    8|       16|
    |layer46_out_69_U   |        0|    99|   67|    0|     2|    8|       16|
    |layer46_out_6_U    |        0|    99|   67|    0|     2|    8|       16|
    |layer46_out_700_U  |        0|    99|   67|    0|     2|    8|       16|
    |layer46_out_701_U  |        0|    99|   67|    0|     2|    8|       16|
    |layer46_out_702_U  |        0|    99|   67|    0|     2|    8|       16|
    |layer46_out_703_U  |        0|    99|   67|    0|     2|    8|       16|
    |layer46_out_704_U  |        0|    99|   67|    0|     2|    8|       16|
    |layer46_out_705_U  |        0|    99|   67|    0|     2|    8|       16|
    |layer46_out_706_U  |        0|    99|   67|    0|     2|    8|       16|
    |layer46_out_707_U  |        0|    99|   67|    0|     2|    8|       16|
    |layer46_out_708_U  |        0|    99|   67|    0|     2|    8|       16|
    |layer46_out_709_U  |        0|    99|   67|    0|     2|    8|       16|
    |layer46_out_70_U   |        0|    99|   67|    0|     2|    8|       16|
    |layer46_out_710_U  |        0|    99|   67|    0|     2|    8|       16|
    |layer46_out_711_U  |        0|    99|   67|    0|     2|    8|       16|
    |layer46_out_712_U  |        0|    99|   67|    0|     2|    8|       16|
    |layer46_out_713_U  |        0|    99|   67|    0|     2|    8|       16|
    |layer46_out_714_U  |        0|    99|   67|    0|     2|    8|       16|
    |layer46_out_715_U  |        0|    99|   67|    0|     2|    8|       16|
    |layer46_out_716_U  |        0|    99|   67|    0|     2|    8|       16|
    |layer46_out_717_U  |        0|    99|   67|    0|     2|    8|       16|
    |layer46_out_718_U  |        0|    99|   67|    0|     2|    8|       16|
    |layer46_out_719_U  |        0|    99|   67|    0|     2|    8|       16|
    |layer46_out_71_U   |        0|    99|   67|    0|     2|    8|       16|
    |layer46_out_720_U  |        0|    99|   67|    0|     2|    8|       16|
    |layer46_out_721_U  |        0|    99|   67|    0|     2|    8|       16|
    |layer46_out_722_U  |        0|    99|   67|    0|     2|    8|       16|
    |layer46_out_723_U  |        0|    99|   67|    0|     2|    8|       16|
    |layer46_out_724_U  |        0|    99|   67|    0|     2|    8|       16|
    |layer46_out_725_U  |        0|    99|   67|    0|     2|    8|       16|
    |layer46_out_726_U  |        0|    99|   67|    0|     2|    8|       16|
    |layer46_out_727_U  |        0|    99|   67|    0|     2|    8|       16|
    |layer46_out_728_U  |        0|    99|   67|    0|     2|    8|       16|
    |layer46_out_729_U  |        0|    99|   67|    0|     2|    8|       16|
    |layer46_out_72_U   |        0|    99|   67|    0|     2|    8|       16|
    |layer46_out_730_U  |        0|    99|   67|    0|     2|    8|       16|
    |layer46_out_731_U  |        0|    99|   67|    0|     2|    8|       16|
    |layer46_out_732_U  |        0|    99|   67|    0|     2|    8|       16|
    |layer46_out_733_U  |        0|    99|   67|    0|     2|    8|       16|
    |layer46_out_734_U  |        0|    99|   67|    0|     2|    8|       16|
    |layer46_out_735_U  |        0|    99|   67|    0|     2|    8|       16|
    |layer46_out_736_U  |        0|    99|   67|    0|     2|    8|       16|
    |layer46_out_737_U  |        0|    99|   67|    0|     2|    8|       16|
    |layer46_out_738_U  |        0|    99|   67|    0|     2|    8|       16|
    |layer46_out_739_U  |        0|    99|   67|    0|     2|    8|       16|
    |layer46_out_73_U   |        0|    99|   67|    0|     2|    8|       16|
    |layer46_out_740_U  |        0|    99|   67|    0|     2|    8|       16|
    |layer46_out_741_U  |        0|    99|   67|    0|     2|    8|       16|
    |layer46_out_742_U  |        0|    99|   67|    0|     2|    8|       16|
    |layer46_out_743_U  |        0|    99|   67|    0|     2|    8|       16|
    |layer46_out_744_U  |        0|    99|   67|    0|     2|    8|       16|
    |layer46_out_745_U  |        0|    99|   67|    0|     2|    8|       16|
    |layer46_out_746_U  |        0|    99|   67|    0|     2|    8|       16|
    |layer46_out_747_U  |        0|    99|   67|    0|     2|    8|       16|
    |layer46_out_748_U  |        0|    99|   67|    0|     2|    8|       16|
    |layer46_out_749_U  |        0|    99|   67|    0|     2|    8|       16|
    |layer46_out_74_U   |        0|    99|   67|    0|     2|    8|       16|
    |layer46_out_750_U  |        0|    99|   67|    0|     2|    8|       16|
    |layer46_out_751_U  |        0|    99|   67|    0|     2|    8|       16|
    |layer46_out_752_U  |        0|    99|   67|    0|     2|    8|       16|
    |layer46_out_753_U  |        0|    99|   67|    0|     2|    8|       16|
    |layer46_out_754_U  |        0|    99|   67|    0|     2|    8|       16|
    |layer46_out_755_U  |        0|    99|   67|    0|     2|    8|       16|
    |layer46_out_756_U  |        0|    99|   67|    0|     2|    8|       16|
    |layer46_out_757_U  |        0|    99|   67|    0|     2|    8|       16|
    |layer46_out_758_U  |        0|    99|   67|    0|     2|    8|       16|
    |layer46_out_759_U  |        0|    99|   67|    0|     2|    8|       16|
    |layer46_out_75_U   |        0|    99|   67|    0|     2|    8|       16|
    |layer46_out_760_U  |        0|    99|   67|    0|     2|    8|       16|
    |layer46_out_761_U  |        0|    99|   67|    0|     2|    8|       16|
    |layer46_out_762_U  |        0|    99|   67|    0|     2|    8|       16|
    |layer46_out_763_U  |        0|    99|   67|    0|     2|    8|       16|
    |layer46_out_764_U  |        0|    99|   67|    0|     2|    8|       16|
    |layer46_out_765_U  |        0|    99|   67|    0|     2|    8|       16|
    |layer46_out_766_U  |        0|    99|   67|    0|     2|    8|       16|
    |layer46_out_767_U  |        0|    99|   67|    0|     2|    8|       16|
    |layer46_out_768_U  |        0|    99|   67|    0|     2|    8|       16|
    |layer46_out_769_U  |        0|    99|   67|    0|     2|    8|       16|
    |layer46_out_76_U   |        0|    99|   67|    0|     2|    8|       16|
    |layer46_out_770_U  |        0|    99|   67|    0|     2|    8|       16|
    |layer46_out_771_U  |        0|    99|   67|    0|     2|    8|       16|
    |layer46_out_772_U  |        0|    99|   67|    0|     2|    8|       16|
    |layer46_out_773_U  |        0|    99|   67|    0|     2|    8|       16|
    |layer46_out_774_U  |        0|    99|   67|    0|     2|    8|       16|
    |layer46_out_775_U  |        0|    99|   67|    0|     2|    8|       16|
    |layer46_out_776_U  |        0|    99|   67|    0|     2|    8|       16|
    |layer46_out_777_U  |        0|    99|   67|    0|     2|    8|       16|
    |layer46_out_778_U  |        0|    99|   67|    0|     2|    8|       16|
    |layer46_out_779_U  |        0|    99|   67|    0|     2|    8|       16|
    |layer46_out_77_U   |        0|    99|   67|    0|     2|    8|       16|
    |layer46_out_780_U  |        0|    99|   67|    0|     2|    8|       16|
    |layer46_out_781_U  |        0|    99|   67|    0|     2|    8|       16|
    |layer46_out_782_U  |        0|    99|   67|    0|     2|    8|       16|
    |layer46_out_783_U  |        0|    99|   67|    0|     2|    8|       16|
    |layer46_out_78_U   |        0|    99|   67|    0|     2|    8|       16|
    |layer46_out_79_U   |        0|    99|   67|    0|     2|    8|       16|
    |layer46_out_7_U    |        0|    99|   67|    0|     2|    8|       16|
    |layer46_out_80_U   |        0|    99|   67|    0|     2|    8|       16|
    |layer46_out_81_U   |        0|    99|   67|    0|     2|    8|       16|
    |layer46_out_82_U   |        0|    99|   67|    0|     2|    8|       16|
    |layer46_out_83_U   |        0|    99|   67|    0|     2|    8|       16|
    |layer46_out_84_U   |        0|    99|   67|    0|     2|    8|       16|
    |layer46_out_85_U   |        0|    99|   67|    0|     2|    8|       16|
    |layer46_out_86_U   |        0|    99|   67|    0|     2|    8|       16|
    |layer46_out_87_U   |        0|    99|   67|    0|     2|    8|       16|
    |layer46_out_88_U   |        0|    99|   67|    0|     2|    8|       16|
    |layer46_out_89_U   |        0|    99|   67|    0|     2|    8|       16|
    |layer46_out_8_U    |        0|    99|   67|    0|     2|    8|       16|
    |layer46_out_90_U   |        0|    99|   67|    0|     2|    8|       16|
    |layer46_out_91_U   |        0|    99|   67|    0|     2|    8|       16|
    |layer46_out_92_U   |        0|    99|   67|    0|     2|    8|       16|
    |layer46_out_93_U   |        0|    99|   67|    0|     2|    8|       16|
    |layer46_out_94_U   |        0|    99|   67|    0|     2|    8|       16|
    |layer46_out_95_U   |        0|    99|   67|    0|     2|    8|       16|
    |layer46_out_96_U   |        0|    99|   67|    0|     2|    8|       16|
    |layer46_out_97_U   |        0|    99|   67|    0|     2|    8|       16|
    |layer46_out_98_U   |        0|    99|   67|    0|     2|    8|       16|
    |layer46_out_99_U   |        0|    99|   67|    0|     2|    8|       16|
    |layer46_out_9_U    |        0|    99|   67|    0|     2|    8|       16|
    |layer46_out_U      |        0|    99|   67|    0|     2|    8|       16|
    |layer49_out_10_U   |        0|    99|   67|    0|     2|    8|       16|
    |layer49_out_11_U   |        0|    99|   67|    0|     2|    8|       16|
    |layer49_out_12_U   |        0|    99|   67|    0|     2|    8|       16|
    |layer49_out_13_U   |        0|    99|   67|    0|     2|    8|       16|
    |layer49_out_14_U   |        0|    99|   67|    0|     2|    8|       16|
    |layer49_out_15_U   |        0|    99|   67|    0|     2|    8|       16|
    |layer49_out_16_U   |        0|    99|   67|    0|     2|    8|       16|
    |layer49_out_17_U   |        0|    99|   67|    0|     2|    8|       16|
    |layer49_out_18_U   |        0|    99|   67|    0|     2|    8|       16|
    |layer49_out_19_U   |        0|    99|   67|    0|     2|    8|       16|
    |layer49_out_1_U    |        0|    99|   67|    0|     2|    8|       16|
    |layer49_out_20_U   |        0|    99|   67|    0|     2|    8|       16|
    |layer49_out_21_U   |        0|    99|   67|    0|     2|    8|       16|
    |layer49_out_22_U   |        0|    99|   67|    0|     2|    8|       16|
    |layer49_out_23_U   |        0|    99|   67|    0|     2|    8|       16|
    |layer49_out_24_U   |        0|    99|   67|    0|     2|    8|       16|
    |layer49_out_25_U   |        0|    99|   67|    0|     2|    8|       16|
    |layer49_out_26_U   |        0|    99|   67|    0|     2|    8|       16|
    |layer49_out_27_U   |        0|    99|   67|    0|     2|    8|       16|
    |layer49_out_28_U   |        0|    99|   67|    0|     2|    8|       16|
    |layer49_out_29_U   |        0|    99|   67|    0|     2|    8|       16|
    |layer49_out_2_U    |        0|    99|   67|    0|     2|    8|       16|
    |layer49_out_30_U   |        0|    99|   67|    0|     2|    8|       16|
    |layer49_out_31_U   |        0|    99|   67|    0|     2|    8|       16|
    |layer49_out_32_U   |        0|    99|   67|    0|     2|    8|       16|
    |layer49_out_33_U   |        0|    99|   67|    0|     2|    8|       16|
    |layer49_out_34_U   |        0|    99|   67|    0|     2|    8|       16|
    |layer49_out_35_U   |        0|    99|   67|    0|     2|    8|       16|
    |layer49_out_36_U   |        0|    99|   67|    0|     2|    8|       16|
    |layer49_out_37_U   |        0|    99|   67|    0|     2|    8|       16|
    |layer49_out_38_U   |        0|    99|   67|    0|     2|    8|       16|
    |layer49_out_39_U   |        0|    99|   67|    0|     2|    8|       16|
    |layer49_out_3_U    |        0|    99|   67|    0|     2|    8|       16|
    |layer49_out_40_U   |        0|    99|   67|    0|     2|    8|       16|
    |layer49_out_41_U   |        0|    99|   67|    0|     2|    8|       16|
    |layer49_out_42_U   |        0|    99|   67|    0|     2|    8|       16|
    |layer49_out_43_U   |        0|    99|   67|    0|     2|    8|       16|
    |layer49_out_44_U   |        0|    99|   67|    0|     2|    8|       16|
    |layer49_out_45_U   |        0|    99|   67|    0|     2|    8|       16|
    |layer49_out_46_U   |        0|    99|   67|    0|     2|    8|       16|
    |layer49_out_47_U   |        0|    99|   67|    0|     2|    8|       16|
    |layer49_out_48_U   |        0|    99|   67|    0|     2|    8|       16|
    |layer49_out_49_U   |        0|    99|   67|    0|     2|    8|       16|
    |layer49_out_4_U    |        0|    99|   67|    0|     2|    8|       16|
    |layer49_out_50_U   |        0|    99|   67|    0|     2|    8|       16|
    |layer49_out_51_U   |        0|    99|   67|    0|     2|    8|       16|
    |layer49_out_52_U   |        0|    99|   67|    0|     2|    8|       16|
    |layer49_out_53_U   |        0|    99|   67|    0|     2|    8|       16|
    |layer49_out_54_U   |        0|    99|   67|    0|     2|    8|       16|
    |layer49_out_55_U   |        0|    99|   67|    0|     2|    8|       16|
    |layer49_out_56_U   |        0|    99|   67|    0|     2|    8|       16|
    |layer49_out_57_U   |        0|    99|   67|    0|     2|    8|       16|
    |layer49_out_58_U   |        0|    99|   67|    0|     2|    8|       16|
    |layer49_out_59_U   |        0|    99|   67|    0|     2|    8|       16|
    |layer49_out_5_U    |        0|    99|   67|    0|     2|    8|       16|
    |layer49_out_60_U   |        0|    99|   67|    0|     2|    8|       16|
    |layer49_out_61_U   |        0|    99|   67|    0|     2|    8|       16|
    |layer49_out_62_U   |        0|    99|   67|    0|     2|    8|       16|
    |layer49_out_63_U   |        0|    99|   67|    0|     2|    8|       16|
    |layer49_out_6_U    |        0|    99|   67|    0|     2|    8|       16|
    |layer49_out_7_U    |        0|    99|   67|    0|     2|    8|       16|
    |layer49_out_8_U    |        0|    99|   67|    0|     2|    8|       16|
    |layer49_out_9_U    |        0|    99|   67|    0|     2|    8|       16|
    |layer49_out_U      |        0|    99|   67|    0|     2|    8|       16|
    |layer52_out_10_U   |        0|    99|   67|    0|     2|    8|       16|
    |layer52_out_11_U   |        0|    99|   67|    0|     2|    8|       16|
    |layer52_out_12_U   |        0|    99|   67|    0|     2|    8|       16|
    |layer52_out_13_U   |        0|    99|   67|    0|     2|    8|       16|
    |layer52_out_14_U   |        0|    99|   67|    0|     2|    8|       16|
    |layer52_out_15_U   |        0|    99|   67|    0|     2|    8|       16|
    |layer52_out_16_U   |        0|    99|   67|    0|     2|    8|       16|
    |layer52_out_17_U   |        0|    99|   67|    0|     2|    8|       16|
    |layer52_out_18_U   |        0|    99|   67|    0|     2|    8|       16|
    |layer52_out_19_U   |        0|    99|   67|    0|     2|    8|       16|
    |layer52_out_1_U    |        0|    99|   67|    0|     2|    8|       16|
    |layer52_out_20_U   |        0|    99|   67|    0|     2|    8|       16|
    |layer52_out_21_U   |        0|    99|   67|    0|     2|    8|       16|
    |layer52_out_22_U   |        0|    99|   67|    0|     2|    8|       16|
    |layer52_out_23_U   |        0|    99|   67|    0|     2|    8|       16|
    |layer52_out_24_U   |        0|    99|   67|    0|     2|    8|       16|
    |layer52_out_25_U   |        0|    99|   67|    0|     2|    8|       16|
    |layer52_out_26_U   |        0|    99|   67|    0|     2|    8|       16|
    |layer52_out_27_U   |        0|    99|   67|    0|     2|    8|       16|
    |layer52_out_28_U   |        0|    99|   67|    0|     2|    8|       16|
    |layer52_out_29_U   |        0|    99|   67|    0|     2|    8|       16|
    |layer52_out_2_U    |        0|    99|   67|    0|     2|    8|       16|
    |layer52_out_30_U   |        0|    99|   67|    0|     2|    8|       16|
    |layer52_out_31_U   |        0|    99|   67|    0|     2|    8|       16|
    |layer52_out_3_U    |        0|    99|   67|    0|     2|    8|       16|
    |layer52_out_4_U    |        0|    99|   67|    0|     2|    8|       16|
    |layer52_out_5_U    |        0|    99|   67|    0|     2|    8|       16|
    |layer52_out_6_U    |        0|    99|   67|    0|     2|    8|       16|
    |layer52_out_7_U    |        0|    99|   67|    0|     2|    8|       16|
    |layer52_out_8_U    |        0|    99|   67|    0|     2|    8|       16|
    |layer52_out_9_U    |        0|    99|   67|    0|     2|    8|       16|
    |layer52_out_U      |        0|    99|   67|    0|     2|    8|       16|
    |layer60_out_10_U   |        0|    99|   67|    0|     2|   37|       74|
    |layer60_out_11_U   |        0|    99|   67|    0|     2|   37|       74|
    |layer60_out_12_U   |        0|    99|   67|    0|     2|   37|       74|
    |layer60_out_13_U   |        0|    99|   67|    0|     2|   37|       74|
    |layer60_out_14_U   |        0|    99|   67|    0|     2|   37|       74|
    |layer60_out_15_U   |        0|    99|   67|    0|     2|   37|       74|
    |layer60_out_16_U   |        0|    99|   67|    0|     2|   37|       74|
    |layer60_out_17_U   |        0|    99|   67|    0|     2|   37|       74|
    |layer60_out_18_U   |        0|    99|   67|    0|     2|   37|       74|
    |layer60_out_19_U   |        0|    99|   67|    0|     2|   37|       74|
    |layer60_out_1_U    |        0|    99|   67|    0|     2|   37|       74|
    |layer60_out_20_U   |        0|    99|   67|    0|     2|   37|       74|
    |layer60_out_21_U   |        0|    99|   67|    0|     2|   37|       74|
    |layer60_out_22_U   |        0|    99|   67|    0|     2|   37|       74|
    |layer60_out_23_U   |        0|    99|   67|    0|     2|   37|       74|
    |layer60_out_24_U   |        0|    99|   67|    0|     2|   37|       74|
    |layer60_out_25_U   |        0|    99|   67|    0|     2|   37|       74|
    |layer60_out_26_U   |        0|    99|   67|    0|     2|   37|       74|
    |layer60_out_27_U   |        0|    99|   67|    0|     2|   37|       74|
    |layer60_out_28_U   |        0|    99|   67|    0|     2|   37|       74|
    |layer60_out_29_U   |        0|    99|   67|    0|     2|   37|       74|
    |layer60_out_2_U    |        0|    99|   67|    0|     2|   37|       74|
    |layer60_out_30_U   |        0|    99|   67|    0|     2|   37|       74|
    |layer60_out_31_U   |        0|    99|   67|    0|     2|   37|       74|
    |layer60_out_32_U   |        0|    99|   67|    0|     2|   37|       74|
    |layer60_out_33_U   |        0|    99|   67|    0|     2|   37|       74|
    |layer60_out_34_U   |        0|    99|   67|    0|     2|   37|       74|
    |layer60_out_35_U   |        0|    99|   67|    0|     2|   37|       74|
    |layer60_out_36_U   |        0|    99|   67|    0|     2|   37|       74|
    |layer60_out_37_U   |        0|    99|   67|    0|     2|   37|       74|
    |layer60_out_38_U   |        0|    99|   67|    0|     2|   37|       74|
    |layer60_out_39_U   |        0|    99|   67|    0|     2|   37|       74|
    |layer60_out_3_U    |        0|    99|   67|    0|     2|   37|       74|
    |layer60_out_40_U   |        0|    99|   67|    0|     2|   37|       74|
    |layer60_out_41_U   |        0|    99|   67|    0|     2|   37|       74|
    |layer60_out_42_U   |        0|    99|   67|    0|     2|   37|       74|
    |layer60_out_43_U   |        0|    99|   67|    0|     2|   37|       74|
    |layer60_out_44_U   |        0|    99|   67|    0|     2|   37|       74|
    |layer60_out_45_U   |        0|    99|   67|    0|     2|   37|       74|
    |layer60_out_46_U   |        0|    99|   67|    0|     2|   37|       74|
    |layer60_out_47_U   |        0|    99|   67|    0|     2|   37|       74|
    |layer60_out_48_U   |        0|    99|   67|    0|     2|   37|       74|
    |layer60_out_49_U   |        0|    99|   67|    0|     2|   37|       74|
    |layer60_out_4_U    |        0|    99|   67|    0|     2|   37|       74|
    |layer60_out_50_U   |        0|    99|   67|    0|     2|   37|       74|
    |layer60_out_51_U   |        0|    99|   67|    0|     2|   37|       74|
    |layer60_out_52_U   |        0|    99|   67|    0|     2|   37|       74|
    |layer60_out_53_U   |        0|    99|   67|    0|     2|   37|       74|
    |layer60_out_54_U   |        0|    99|   67|    0|     2|   37|       74|
    |layer60_out_55_U   |        0|    99|   67|    0|     2|   37|       74|
    |layer60_out_56_U   |        0|    99|   67|    0|     2|   37|       74|
    |layer60_out_57_U   |        0|    99|   67|    0|     2|   37|       74|
    |layer60_out_58_U   |        0|    99|   67|    0|     2|   37|       74|
    |layer60_out_59_U   |        0|    99|   67|    0|     2|   37|       74|
    |layer60_out_5_U    |        0|    99|   67|    0|     2|   37|       74|
    |layer60_out_60_U   |        0|    99|   67|    0|     2|   37|       74|
    |layer60_out_61_U   |        0|    99|   67|    0|     2|   37|       74|
    |layer60_out_62_U   |        0|    99|   67|    0|     2|   37|       74|
    |layer60_out_63_U   |        0|    99|   67|    0|     2|   37|       74|
    |layer60_out_6_U    |        0|    99|   67|    0|     2|   37|       74|
    |layer60_out_7_U    |        0|    99|   67|    0|     2|   37|       74|
    |layer60_out_8_U    |        0|    99|   67|    0|     2|   37|       74|
    |layer60_out_9_U    |        0|    99|   67|    0|     2|   37|       74|
    |layer60_out_U      |        0|    99|   67|    0|     2|   37|       74|
    |layer61_out_10_U   |        0|    99|   67|    0|     2|   36|       72|
    |layer61_out_11_U   |        0|    99|   67|    0|     2|   36|       72|
    |layer61_out_12_U   |        0|    99|   67|    0|     2|   36|       72|
    |layer61_out_13_U   |        0|    99|   67|    0|     2|   36|       72|
    |layer61_out_14_U   |        0|    99|   67|    0|     2|   36|       72|
    |layer61_out_15_U   |        0|    99|   67|    0|     2|   36|       72|
    |layer61_out_16_U   |        0|    99|   67|    0|     2|   36|       72|
    |layer61_out_17_U   |        0|    99|   67|    0|     2|   36|       72|
    |layer61_out_18_U   |        0|    99|   67|    0|     2|   36|       72|
    |layer61_out_19_U   |        0|    99|   67|    0|     2|   36|       72|
    |layer61_out_1_U    |        0|    99|   67|    0|     2|   36|       72|
    |layer61_out_20_U   |        0|    99|   67|    0|     2|   36|       72|
    |layer61_out_21_U   |        0|    99|   67|    0|     2|   36|       72|
    |layer61_out_22_U   |        0|    99|   67|    0|     2|   36|       72|
    |layer61_out_23_U   |        0|    99|   67|    0|     2|   36|       72|
    |layer61_out_24_U   |        0|    99|   67|    0|     2|   36|       72|
    |layer61_out_25_U   |        0|    99|   67|    0|     2|   36|       72|
    |layer61_out_26_U   |        0|    99|   67|    0|     2|   36|       72|
    |layer61_out_27_U   |        0|    99|   67|    0|     2|   36|       72|
    |layer61_out_28_U   |        0|    99|   67|    0|     2|   36|       72|
    |layer61_out_29_U   |        0|    99|   67|    0|     2|   36|       72|
    |layer61_out_2_U    |        0|    99|   67|    0|     2|   36|       72|
    |layer61_out_30_U   |        0|    99|   67|    0|     2|   36|       72|
    |layer61_out_31_U   |        0|    99|   67|    0|     2|   36|       72|
    |layer61_out_3_U    |        0|    99|   67|    0|     2|   36|       72|
    |layer61_out_4_U    |        0|    99|   67|    0|     2|   36|       72|
    |layer61_out_5_U    |        0|    99|   67|    0|     2|   36|       72|
    |layer61_out_6_U    |        0|    99|   67|    0|     2|   36|       72|
    |layer61_out_7_U    |        0|    99|   67|    0|     2|   36|       72|
    |layer61_out_8_U    |        0|    99|   67|    0|     2|   36|       72|
    |layer61_out_9_U    |        0|    99|   67|    0|     2|   36|       72|
    |layer61_out_U      |        0|    99|   67|    0|     2|   36|       72|
    |layer63_out_10_U   |        0|    99|   67|    0|     2|   35|       70|
    |layer63_out_11_U   |        0|    99|   67|    0|     2|   35|       70|
    |layer63_out_12_U   |        0|    99|   67|    0|     2|   35|       70|
    |layer63_out_13_U   |        0|    99|   67|    0|     2|   35|       70|
    |layer63_out_14_U   |        0|    99|   67|    0|     2|   35|       70|
    |layer63_out_15_U   |        0|    99|   67|    0|     2|   35|       70|
    |layer63_out_16_U   |        0|    99|   67|    0|     2|   35|       70|
    |layer63_out_17_U   |        0|    99|   67|    0|     2|   35|       70|
    |layer63_out_18_U   |        0|    99|   67|    0|     2|   35|       70|
    |layer63_out_19_U   |        0|    99|   67|    0|     2|   35|       70|
    |layer63_out_1_U    |        0|    99|   67|    0|     2|   35|       70|
    |layer63_out_20_U   |        0|    99|   67|    0|     2|   35|       70|
    |layer63_out_21_U   |        0|    99|   67|    0|     2|   35|       70|
    |layer63_out_22_U   |        0|    99|   67|    0|     2|   35|       70|
    |layer63_out_23_U   |        0|    99|   67|    0|     2|   35|       70|
    |layer63_out_24_U   |        0|    99|   67|    0|     2|   35|       70|
    |layer63_out_25_U   |        0|    99|   67|    0|     2|   35|       70|
    |layer63_out_26_U   |        0|    99|   67|    0|     2|   35|       70|
    |layer63_out_27_U   |        0|    99|   67|    0|     2|   35|       70|
    |layer63_out_28_U   |        0|    99|   67|    0|     2|   35|       70|
    |layer63_out_29_U   |        0|    99|   67|    0|     2|   35|       70|
    |layer63_out_2_U    |        0|    99|   67|    0|     2|   35|       70|
    |layer63_out_30_U   |        0|    99|   67|    0|     2|   35|       70|
    |layer63_out_31_U   |        0|    99|   67|    0|     2|   35|       70|
    |layer63_out_32_U   |        0|    99|   67|    0|     2|   35|       70|
    |layer63_out_33_U   |        0|    99|   67|    0|     2|   35|       70|
    |layer63_out_34_U   |        0|    99|   67|    0|     2|   35|       70|
    |layer63_out_35_U   |        0|    99|   67|    0|     2|   35|       70|
    |layer63_out_36_U   |        0|    99|   67|    0|     2|   35|       70|
    |layer63_out_37_U   |        0|    99|   67|    0|     2|   35|       70|
    |layer63_out_38_U   |        0|    99|   67|    0|     2|   35|       70|
    |layer63_out_39_U   |        0|    99|   67|    0|     2|   35|       70|
    |layer63_out_3_U    |        0|    99|   67|    0|     2|   35|       70|
    |layer63_out_40_U   |        0|    99|   67|    0|     2|   35|       70|
    |layer63_out_41_U   |        0|    99|   67|    0|     2|   35|       70|
    |layer63_out_42_U   |        0|    99|   67|    0|     2|   35|       70|
    |layer63_out_43_U   |        0|    99|   67|    0|     2|   35|       70|
    |layer63_out_44_U   |        0|    99|   67|    0|     2|   35|       70|
    |layer63_out_45_U   |        0|    99|   67|    0|     2|   35|       70|
    |layer63_out_46_U   |        0|    99|   67|    0|     2|   35|       70|
    |layer63_out_47_U   |        0|    99|   67|    0|     2|   35|       70|
    |layer63_out_48_U   |        0|    99|   67|    0|     2|   35|       70|
    |layer63_out_49_U   |        0|    99|   67|    0|     2|   35|       70|
    |layer63_out_4_U    |        0|    99|   67|    0|     2|   35|       70|
    |layer63_out_50_U   |        0|    99|   67|    0|     2|   35|       70|
    |layer63_out_51_U   |        0|    99|   67|    0|     2|   35|       70|
    |layer63_out_52_U   |        0|    99|   67|    0|     2|   35|       70|
    |layer63_out_53_U   |        0|    99|   67|    0|     2|   35|       70|
    |layer63_out_54_U   |        0|    99|   67|    0|     2|   35|       70|
    |layer63_out_55_U   |        0|    99|   67|    0|     2|   35|       70|
    |layer63_out_56_U   |        0|    99|   67|    0|     2|   35|       70|
    |layer63_out_57_U   |        0|    99|   67|    0|     2|   35|       70|
    |layer63_out_58_U   |        0|    99|   67|    0|     2|   35|       70|
    |layer63_out_59_U   |        0|    99|   67|    0|     2|   35|       70|
    |layer63_out_5_U    |        0|    99|   67|    0|     2|   35|       70|
    |layer63_out_60_U   |        0|    99|   67|    0|     2|   35|       70|
    |layer63_out_61_U   |        0|    99|   67|    0|     2|   35|       70|
    |layer63_out_62_U   |        0|    99|   67|    0|     2|   35|       70|
    |layer63_out_63_U   |        0|    99|   67|    0|     2|   35|       70|
    |layer63_out_6_U    |        0|    99|   67|    0|     2|   35|       70|
    |layer63_out_7_U    |        0|    99|   67|    0|     2|   35|       70|
    |layer63_out_8_U    |        0|    99|   67|    0|     2|   35|       70|
    |layer63_out_9_U    |        0|    99|   67|    0|     2|   35|       70|
    |layer63_out_U      |        0|    99|   67|    0|     2|   35|       70|
    |layer64_out_10_U   |        0|    99|   67|    0|     2|   32|       64|
    |layer64_out_11_U   |        0|    99|   67|    0|     2|   32|       64|
    |layer64_out_12_U   |        0|    99|   67|    0|     2|   32|       64|
    |layer64_out_13_U   |        0|    99|   67|    0|     2|   32|       64|
    |layer64_out_14_U   |        0|    99|   67|    0|     2|   32|       64|
    |layer64_out_15_U   |        0|    99|   67|    0|     2|   32|       64|
    |layer64_out_16_U   |        0|    99|   67|    0|     2|   32|       64|
    |layer64_out_17_U   |        0|    99|   67|    0|     2|   32|       64|
    |layer64_out_18_U   |        0|    99|   67|    0|     2|   32|       64|
    |layer64_out_19_U   |        0|    99|   67|    0|     2|   32|       64|
    |layer64_out_1_U    |        0|    99|   67|    0|     2|   32|       64|
    |layer64_out_20_U   |        0|    99|   67|    0|     2|   32|       64|
    |layer64_out_21_U   |        0|    99|   67|    0|     2|   32|       64|
    |layer64_out_22_U   |        0|    99|   67|    0|     2|   32|       64|
    |layer64_out_23_U   |        0|    99|   67|    0|     2|   32|       64|
    |layer64_out_24_U   |        0|    99|   67|    0|     2|   32|       64|
    |layer64_out_25_U   |        0|    99|   67|    0|     2|   32|       64|
    |layer64_out_26_U   |        0|    99|   67|    0|     2|   32|       64|
    |layer64_out_27_U   |        0|    99|   67|    0|     2|   32|       64|
    |layer64_out_28_U   |        0|    99|   67|    0|     2|   32|       64|
    |layer64_out_29_U   |        0|    99|   67|    0|     2|   32|       64|
    |layer64_out_2_U    |        0|    99|   67|    0|     2|   32|       64|
    |layer64_out_30_U   |        0|    99|   67|    0|     2|   32|       64|
    |layer64_out_31_U   |        0|    99|   67|    0|     2|   32|       64|
    |layer64_out_3_U    |        0|    99|   67|    0|     2|   32|       64|
    |layer64_out_4_U    |        0|    99|   67|    0|     2|   32|       64|
    |layer64_out_5_U    |        0|    99|   67|    0|     2|   32|       64|
    |layer64_out_6_U    |        0|    99|   67|    0|     2|   32|       64|
    |layer64_out_7_U    |        0|    99|   67|    0|     2|   32|       64|
    |layer64_out_8_U    |        0|    99|   67|    0|     2|   32|       64|
    |layer64_out_9_U    |        0|    99|   67|    0|     2|   32|       64|
    |layer64_out_U      |        0|    99|   67|    0|     2|   32|       64|
    |layer65_out_1_U    |        0|    99|   67|    0|     2|   31|       62|
    |layer65_out_2_U    |        0|    99|   67|    0|     2|   31|       62|
    |layer65_out_3_U    |        0|    99|   67|    0|     2|   31|       62|
    |layer65_out_4_U    |        0|    99|   67|    0|     2|   31|       62|
    |layer65_out_5_U    |        0|    99|   67|    0|     2|   31|       62|
    |layer65_out_6_U    |        0|    99|   67|    0|     2|   31|       62|
    |layer65_out_7_U    |        0|    99|   67|    0|     2|   31|       62|
    |layer65_out_8_U    |        0|    99|   67|    0|     2|   31|       62|
    |layer65_out_9_U    |        0|    99|   67|    0|     2|   31|       62|
    |layer65_out_U      |        0|    99|   67|    0|     2|   31|       62|
    +-------------------+---------+------+-----+-----+------+-----+---------+
    |Total              |        0|116622|78926|    0|  2356|15670|    31340|
    +-------------------+---------+------+-----+-----+------+-----+---------+

    * Expression: 
    +---------------------------------------+----------+----+---+----+------------+------------+
    |             Variable Name             | Operation| DSP| FF| LUT| Bitwidth P0| Bitwidth P1|
    +---------------------------------------+----------+----+---+----+------------+------------+
    |ap_channel_done_layer34_out_63         |       and|   0|  0|   2|           1|           1|
    |ap_channel_done_layer38_out_31         |       and|   0|  0|   2|           1|           1|
    |ap_channel_done_layer46_out_783        |       and|   0|  0|   2|           1|           1|
    |ap_channel_done_layer49_out_63         |       and|   0|  0|   2|           1|           1|
    |ap_channel_done_layer52_out_31         |       and|   0|  0|   2|           1|           1|
    |ap_channel_done_layer60_out_63         |       and|   0|  0|   2|           1|           1|
    |ap_channel_done_layer61_out_31         |       and|   0|  0|   2|           1|           1|
    |ap_channel_done_layer63_out_63         |       and|   0|  0|   2|           1|           1|
    |ap_channel_done_layer64_out_31         |       and|   0|  0|   2|           1|           1|
    |ap_channel_done_layer65_out_9          |       and|   0|  0|   2|           1|           1|
    |ap_idle                                |       and|   0|  0|   2|           1|           1|
    |ap_sync_channel_write_layer34_out_63   |        or|   0|  0|   2|           1|           1|
    |ap_sync_channel_write_layer38_out_31   |        or|   0|  0|   2|           1|           1|
    |ap_sync_channel_write_layer46_out_783  |        or|   0|  0|   2|           1|           1|
    |ap_sync_channel_write_layer49_out_63   |        or|   0|  0|   2|           1|           1|
    |ap_sync_channel_write_layer52_out_31   |        or|   0|  0|   2|           1|           1|
    |ap_sync_channel_write_layer60_out_63   |        or|   0|  0|   2|           1|           1|
    |ap_sync_channel_write_layer61_out_31   |        or|   0|  0|   2|           1|           1|
    |ap_sync_channel_write_layer63_out_63   |        or|   0|  0|   2|           1|           1|
    |ap_sync_channel_write_layer64_out_31   |        or|   0|  0|   2|           1|           1|
    |ap_sync_channel_write_layer65_out_9    |        or|   0|  0|   2|           1|           1|
    +---------------------------------------+----------+----+---+----+------------+------------+
    |Total                                  |          |   0|  0|  42|          21|          21|
    +---------------------------------------+----------+----+---+----+------------+------------+

    * Multiplexer: 
    +-------------------------------------------+----+-----------+-----+-----------+
    |                    Name                   | LUT| Input Size| Bits| Total Bits|
    +-------------------------------------------+----+-----------+-----+-----------+
    |ap_sync_reg_channel_write_layer34_out_63   |   9|          2|    1|          2|
    |ap_sync_reg_channel_write_layer38_out_31   |   9|          2|    1|          2|
    |ap_sync_reg_channel_write_layer46_out_783  |   9|          2|    1|          2|
    |ap_sync_reg_channel_write_layer49_out_63   |   9|          2|    1|          2|
    |ap_sync_reg_channel_write_layer52_out_31   |   9|          2|    1|          2|
    |ap_sync_reg_channel_write_layer60_out_63   |   9|          2|    1|          2|
    |ap_sync_reg_channel_write_layer61_out_31   |   9|          2|    1|          2|
    |ap_sync_reg_channel_write_layer63_out_63   |   9|          2|    1|          2|
    |ap_sync_reg_channel_write_layer64_out_31   |   9|          2|    1|          2|
    |ap_sync_reg_channel_write_layer65_out_9    |   9|          2|    1|          2|
    +-------------------------------------------+----+-----------+-----+-----------+
    |Total                                      |  90|         20|   10|         20|
    +-------------------------------------------+----+-----------+-----+-----------+

    * Register: 
    +-------------------------------------------+---+----+-----+-----------+
    |                    Name                   | FF| LUT| Bits| Const Bits|
    +-------------------------------------------+---+----+-----+-----------+
    |ap_sync_reg_channel_write_layer34_out_63   |  1|   0|    1|          0|
    |ap_sync_reg_channel_write_layer38_out_31   |  1|   0|    1|          0|
    |ap_sync_reg_channel_write_layer46_out_783  |  1|   0|    1|          0|
    |ap_sync_reg_channel_write_layer49_out_63   |  1|   0|    1|          0|
    |ap_sync_reg_channel_write_layer52_out_31   |  1|   0|    1|          0|
    |ap_sync_reg_channel_write_layer60_out_63   |  1|   0|    1|          0|
    |ap_sync_reg_channel_write_layer61_out_31   |  1|   0|    1|          0|
    |ap_sync_reg_channel_write_layer63_out_63   |  1|   0|    1|          0|
    |ap_sync_reg_channel_write_layer64_out_31   |  1|   0|    1|          0|
    |ap_sync_reg_channel_write_layer65_out_9    |  1|   0|    1|          0|
    +-------------------------------------------+---+----+-----+-----------+
    |Total                                      | 10|   0|   10|          0|
    +-------------------------------------------+---+----+-----+-----------+



================================================================
== Interface
================================================================
* Summary: 
+----------------------+-----+-------+------------+---------------+--------------+
|       RTL Ports      | Dir |  Bits |  Protocol  | Source Object |    C Type    |
+----------------------+-----+-------+------------+---------------+--------------+
|global_in             |   in|  12544|      ap_vld|      global_in|       pointer|
|global_in_ap_vld      |   in|      1|      ap_vld|      global_in|       pointer|
|layer62_out_0         |  out|     65|      ap_vld|  layer62_out_0|       pointer|
|layer62_out_0_ap_vld  |  out|      1|      ap_vld|  layer62_out_0|       pointer|
|layer62_out_1         |  out|     65|      ap_vld|  layer62_out_1|       pointer|
|layer62_out_1_ap_vld  |  out|      1|      ap_vld|  layer62_out_1|       pointer|
|layer62_out_2         |  out|     65|      ap_vld|  layer62_out_2|       pointer|
|layer62_out_2_ap_vld  |  out|      1|      ap_vld|  layer62_out_2|       pointer|
|layer62_out_3         |  out|     65|      ap_vld|  layer62_out_3|       pointer|
|layer62_out_3_ap_vld  |  out|      1|      ap_vld|  layer62_out_3|       pointer|
|layer62_out_4         |  out|     65|      ap_vld|  layer62_out_4|       pointer|
|layer62_out_4_ap_vld  |  out|      1|      ap_vld|  layer62_out_4|       pointer|
|layer62_out_5         |  out|     65|      ap_vld|  layer62_out_5|       pointer|
|layer62_out_5_ap_vld  |  out|      1|      ap_vld|  layer62_out_5|       pointer|
|layer62_out_6         |  out|     65|      ap_vld|  layer62_out_6|       pointer|
|layer62_out_6_ap_vld  |  out|      1|      ap_vld|  layer62_out_6|       pointer|
|layer62_out_7         |  out|     65|      ap_vld|  layer62_out_7|       pointer|
|layer62_out_7_ap_vld  |  out|      1|      ap_vld|  layer62_out_7|       pointer|
|layer62_out_8         |  out|     65|      ap_vld|  layer62_out_8|       pointer|
|layer62_out_8_ap_vld  |  out|      1|      ap_vld|  layer62_out_8|       pointer|
|layer62_out_9         |  out|     65|      ap_vld|  layer62_out_9|       pointer|
|layer62_out_9_ap_vld  |  out|      1|      ap_vld|  layer62_out_9|       pointer|
|ap_clk                |   in|      1|  ap_ctrl_hs|      myproject|  return value|
|ap_rst                |   in|      1|  ap_ctrl_hs|      myproject|  return value|
|ap_start              |   in|      1|  ap_ctrl_hs|      myproject|  return value|
|ap_done               |  out|      1|  ap_ctrl_hs|      myproject|  return value|
|ap_ready              |  out|      1|  ap_ctrl_hs|      myproject|  return value|
|ap_idle               |  out|      1|  ap_ctrl_hs|      myproject|  return value|
+----------------------+-----+-------+------------+---------------+--------------+

